,0,1,2,3
0,9.844444444444443,277.78888888888895,2.461111111111111,1.566648045859943e-15
1,7.977777777777778,260.2888888888889,3.0156666666666663,1.5419764230904952e-15
2,9.522222222222222,227.02222222222224,2.519444444444444,0.12222222222222302
3,8.47777777777778,192.73333333333332,2.6698888888888885,1.9999999999999996
4,10.055555555555555,221.53333333333336,2.4857777777777774,1.7763568394002505e-15
5,10.855555555555554,232.29999999999998,2.7510000000000003,1.7763568394002505e-15
6,6.788888888888888,232.47777777777776,2.2862222222222224,0.20000000000000107
7,6.433333333333334,253.87777777777774,2.4619999999999993,0.222222222222224
8,7.322222222222223,125.21111111111112,2.8957777777777776,0.2666666666666678
9,8.533333333333335,205.36666666666667,4.254333333333332,1.9333333333333336
10,9.566666666666668,227.9666666666667,2.8813333333333335,0.533333333333334
11,7.388888888888889,146.07777777777775,3.557888888888889,0.3333333333333349
12,7.633333333333334,188.6222222222222,3.5548888888888888,0.12222222222222329
13,6.844444444444445,158.7222222222222,4.137444444444444,0.05555555555555694
14,8.855555555555556,224.44444444444446,4.405444444444444,0.8444444444444446
15,9.333333333333334,206.52222222222224,4.7733333333333325,0.8111111111111122
16,11.044444444444444,250.19999999999996,3.3948888888888886,0.4555555555555571
17,9.155555555555555,273.41111111111115,3.169444444444444,1.1000000000000014
18,7.522222222222221,208.73333333333332,2.720111111111111,1.0917193075480707e-15
19,9.366666666666667,191.42222222222225,3.383777777777777,1.5604801401675811e-15
20,11.544444444444444,256.46666666666664,2.754444444444444,0.04444444444444599
21,7.811111111111111,226.44444444444443,2.279666666666666,1.0639637319324418e-15
22,8.877777777777778,203.18888888888887,4.336222222222223,0.4555555555555567
23,10.011111111111113,241.22222222222223,4.579666666666667,0.5333333333333342
24,10.622222222222224,227.67777777777778,2.3394444444444447,0.17777777777777953
25,6.5555555555555545,256.99999999999994,2.8457777777777777,0.2000000000000014
26,8.18888888888889,244.0888888888889,2.632111111111111,0.2222222222222238
27,7.300000000000001,104.45555555555555,3.136111111111111,0.5333333333333349
28,11.266666666666667,226.77777777777777,3.181555555555556,0.6777777777777789
29,5.055555555555555,236.9888888888889,2.509,0.2222222222222236
30,5.7555555555555555,267.7888888888889,2.237,0.3000000000000014
31,6.266666666666667,277.8666666666667,2.2294444444444443,0.35555555555555696
32,7.811111111111113,181.95555555555558,2.931333333333333,0.06666666666666846
33,7.2333333333333325,211.6222222222222,2.606,0.02222222222222402
34,10.711111111111112,281.7444444444444,3.4634444444444443,1.7732728865540694e-15
35,10.444444444444445,197.9888888888889,3.7047777777777773,0.23333333333333492
36,6.888888888888889,313.0666666666667,2.8797777777777775,0.022222222222224
37,11.388888888888891,279.27777777777777,2.9104444444444444,1.7763568394002505e-15
38,10.377777777777776,305.20000000000005,3.5351111111111115,0.07777777777777956
39,8.144444444444444,316.18888888888887,3.096777777777777,0.022222222222224
40,11.855555555555554,244.61111111111117,2.052,1.7763568394002505e-15
41,8.966666666666667,246.85555555555553,2.384777777777778,1.298344148242197e-15
42,9.3,245.01111111111115,4.2780000000000005,0.7111111111111119
43,10.077777777777778,228.5111111111111,3.856666666666666,1.0608797790862607e-15
44,7.311111111111111,164.3,2.0838888888888887,1.7763568394002505e-15
45,11.333333333333334,234.66666666666666,3.087,1.7763568394002505e-15
46,9.177777777777777,262.4,4.419888888888889,1.7671049808617074e-15
47,10.922222222222222,220.38888888888886,3.8754444444444442,1.1102230246251565e-15
48,7.544444444444445,295.4,3.026,0.05555555555555636
49,8.155555555555557,144.70000000000002,3.973111111111111,0.011111111111111856
50,9.566666666666668,224.64444444444445,3.1384444444444446,0.533333333333334
51,8.733333333333333,170.62222222222223,3.5690000000000004,0.4222222222222233
52,8.477777777777778,198.38888888888889,4.253555555555555,0.11111111111111177
53,7.566666666666667,184.5111111111111,4.147222222222222,0.12222222222222312
54,10.677777777777779,219.08888888888887,3.8882222222222222,0.6555555555555559
55,9.155555555555557,273.8444444444445,2.795,0.17777777777777953
56,8.133333333333333,189.8777777777778,2.711222222222223,1.609823385706477e-15
57,8.733333333333333,314.0111111111111,2.258,1.7763568394002505e-15
58,6.8999999999999995,221.82222222222225,2.150777777777778,1.7701889337078885e-15
59,7.58888888888889,209.14444444444447,3.3954444444444443,1.603655480014115e-15
60,10.344444444444443,272.6000000000001,2.793444444444444,1.7763568394002505e-15
61,9.644444444444444,271.0555555555556,2.663222222222222,1.5358085173981333e-15
62,8.888888888888888,228.5,3.8243333333333336,1.3631071580119978e-15
63,7.811111111111111,152.27777777777777,3.191111111111111,8.203314570841435e-16
64,14.966666666666669,262.3222222222222,3.1472222222222217,0.06666666666666846
65,9.93333333333333,255.4888888888889,2.802333333333333,0.5111111111111126
66,8.244444444444445,167.46666666666664,4.170444444444445,1.1102230246251565e-15
67,9.388888888888888,208.95555555555555,4.608444444444445,0.08888888888888967
68,5.9,255.88888888888889,3.2056666666666667,1.6444444444444446
69,8.044444444444444,96.64444444444445,3.095999999999999,0.4555555555555569
70,7.1111111111111125,165.7111111111111,3.2057777777777767,1.566648045859943e-15
71,7.866666666666668,261.5333333333333,3.5634444444444444,0.1777777777777781
72,9.222222222222221,232.16666666666666,4.184888888888889,0.100000000000001
73,9.577777777777776,199.60000000000002,4.295888888888888,0.6777777777777786
74,8.922222222222222,207.50000000000003,3.2806666666666664,0.15555555555555572
75,10.544444444444444,139.01111111111112,3.294,0.06666666666666773
76,10.433333333333334,198.66666666666663,2.865,1.1410625530869663e-16
77,9.933333333333334,231.49999999999994,2.692222222222222,1.0666666666666675
78,10.477777777777778,203.61111111111114,3.2672222222222222,8.974302782386683e-16
79,8.61111111111111,212.65555555555557,2.102222222222222,3.515706244646329e-16
80,9.966666666666667,245.20000000000002,2.3898888888888887,0.23333333333333492
81,9.444444444444443,261.9,2.8802222222222222,8.295833156226864e-16
82,12.122222222222222,205.4111111111111,2.9141111111111107,0.5333333333333342
83,9.566666666666666,207.77777777777777,3.148888888888889,1.0444444444444447
84,11.666666666666666,206.0666666666667,2.865,1.8010284621696983e-15
85,10.866666666666667,247.43333333333334,2.917888888888889,0.6000000000000019
86,9.066666666666666,203.44444444444446,4.194444444444445,1.1102230246251565e-15
87,9.833333333333332,215.48888888888888,3.245,0.011111111111112553
88,8.111111111111109,217.4111111111111,4.862333333333333,0.14444444444444463
89,10.566666666666666,260.24444444444447,2.5989999999999998,0.12222222222222309
90,8.9,214.0666666666667,4.387888888888889,0.8111111111111116
91,8.077777777777778,212.03333333333336,3.4392222222222224,0.9111111111111119
92,6.855555555555554,158.34444444444446,3.5838888888888882,0.8333333333333347
93,7.577777777777778,241.4222222222222,2.8378888888888887,1.625243149937382e-15
94,11.066666666666666,205.75555555555556,3.7336666666666667,1.9555555555555557
95,10.42222222222222,227.2555555555556,3.3724444444444446,1.122222222222223
96,10.166666666666664,280.14444444444445,3.3704444444444444,0.02222222222222352
97,10.166666666666666,237.0333333333333,2.9825555555555554,1.1000000000000016
98,9.088888888888889,202.04444444444445,2.3712222222222223,0.38888888888889067
99,9.78888888888889,203.82222222222222,2.667222222222222,1.0222222222222226
100,8.644444444444442,257.17777777777775,3.754111111111111,1.466666666666668
101,7.888888888888889,284.81111111111113,3.3194444444444446,0.10000000000000137
102,6.822222222222222,204.76666666666665,2.822222222222222,8.974302782386683e-16
103,5.933333333333333,200.43333333333334,2.415777777777778,0.6666666666666671
104,11.91111111111111,184.45555555555558,2.3302222222222224,0.23333333333333467
105,10.18888888888889,206.92222222222222,2.6715555555555555,0.5111111111111124
106,10.555555555555554,234.39999999999998,3.175777777777778,1.7763568394002505e-15
107,10.200000000000001,215.38888888888889,2.952,0.7111111111111118
108,9.166666666666666,259.5333333333333,3.855222222222222,0.24444444444444524
109,7.911111111111111,214.74444444444447,3.355666666666667,0.6666666666666665
110,10.444444444444445,216.35555555555558,3.8774444444444445,1.1111111111111118
111,10.555555555555554,192.55555555555557,3.836111111111111,0.17777777777777903
112,9.044444444444444,256.2111111111111,2.624,0.3111111111111115
113,6.111111111111111,237.90000000000003,2.4722222222222223,0.13333333333333464
114,8.088888888888889,238.5,2.3592222222222223,1.1102230246251565e-16
115,9.133333333333333,254.2888888888889,2.799666666666666,8.264993627765054e-16
116,11.555555555555555,219.62222222222223,3.809555555555556,0.12222222222222384
117,8.644444444444444,182.34444444444443,3.961444444444445,0.055555555555556496
118,8.344444444444443,240.85555555555553,3.832333333333333,0.0222222222222236
119,7.277777777777778,229.66666666666666,3.153111111111111,1.5604801401675811e-15
120,12.088888888888889,236.5777777777778,1.9095555555555555,1.7763568394002505e-15
121,8.144444444444442,232.05555555555554,2.3326666666666664,1.0639637319324418e-15
122,9.077777777777776,210.2777777777778,3.1316666666666664,0.5444444444444455
123,10.455555555555556,220.36666666666667,2.854,1.4111111111111123
124,11.877777777777778,182.54444444444442,2.294888888888889,1.7763568394002505e-15
125,6.599999999999999,290.6777777777777,1.8454444444444447,1.7763568394002505e-15
126,11.233333333333333,202.86666666666665,3.4617777777777774,0.12222222222222398
127,8.855555555555554,259.0444444444445,3.854,0.05555555555555664
128,10.255555555555555,245.63333333333333,3.116777777777777,1.0666666666666673
129,9.511111111111113,246.8222222222222,2.702444444444444,0.266666666666668
130,11.044444444444444,211.73333333333332,2.9843333333333337,0.17777777777777834
131,9.155555555555555,181.76666666666668,3.740444444444444,0.15555555555555567
132,8.344444444444445,108.44444444444444,2.862222222222222,0.2111111111111124
133,6.455555555555556,180.57777777777775,5.254888888888889,0.3111111111111118
134,9.000000000000002,229.67777777777778,2.5531111111111113,0.20000000000000132
135,8.511111111111111,219.96666666666664,3.735666666666667,0.2333333333333336
136,9.066666666666666,224.38888888888889,3.8860000000000006,0.5333333333333343
137,8.02222222222222,221.82222222222222,4.195999999999999,0.022222222222223195
138,8.022222222222222,188.04444444444442,2.955666666666666,1.0608797790862607e-15
139,11.977777777777776,233.72222222222223,3.017333333333333,1.7763568394002505e-15
140,9.244444444444447,282.55555555555554,2.945888888888889,0.6111111111111127
141,9.177777777777779,245.84444444444443,3.0653333333333332,0.0333333333333344
142,10.577777777777778,241.86666666666667,3.278111111111111,0.600000000000001
143,9.366666666666667,249.0888888888889,3.978555555555555,1.266666666666667
144,11.422222222222222,246.55555555555554,2.502666666666667,1.7763568394002505e-15
145,11.333333333333334,252.7888888888889,3.319666666666666,0.38888888888889006
146,10.377777777777778,146.77777777777777,4.572777777777778,0.01111111111111205
147,11.122222222222222,152.24444444444447,3.9336666666666664,1.4463738848588846e-15
148,8.911111111111111,201.06666666666666,4.338444444444445,0.05555555555555658
149,10.544444444444444,197.04444444444442,4.506666666666667,0.04444444444444539
150,11.433333333333332,189.76666666666668,2.5732222222222223,0.12222222222222354
151,8.666666666666668,252.31111111111113,3.6493333333333333,0.7888888888888892
152,8.299999999999999,174.1222222222222,3.281666666666667,0.6222222222222235
153,8.511111111111113,183.7888888888889,2.720333333333333,0.06666666666666803
154,8.166666666666666,189.18888888888893,3.4877777777777776,0.06666666666666757
155,10.288888888888888,225.65555555555557,2.9685555555555556,0.28888888888889
156,7.222222222222224,192.2,2.3501111111111115,1.1102230246251565e-16
157,6.966666666666668,260.1888888888888,3.2755555555555556,0.12222222222222312
158,7.388888888888889,244.15555555555557,2.744111111111111,1.600571527167934e-15
159,9.18888888888889,221.2555555555556,3.0548888888888888,0.12222222222222354
160,8.966666666666665,293.6111111111111,3.012666666666666,0.4888888888888905
161,10.933333333333335,244.42222222222225,2.7002222222222216,1.0639637319324418e-15
162,10.277777777777779,247.94444444444446,3.5587777777777783,1.0608797790862607e-15
163,9.600000000000001,262.9,4.002333333333334,0.6777777777777789
164,7.122222222222222,207.55555555555554,2.5105555555555563,1.4432899320127035e-15
165,8.711111111111112,206.72222222222226,3.670666666666667,0.6111111111111124
166,9.455555555555556,211.76666666666665,3.6613333333333333,1.4309541206279796e-15
167,6.911111111111111,187.08888888888887,4.284666666666666,0.1222222222222228
168,7.0,268.0333333333333,3.579333333333334,6.38378239159465e-16
169,8.355555555555554,134.64444444444445,3.3503333333333334,0.2222222222222227
170,9.933333333333334,250.88888888888889,3.315888888888889,1.1444444444444446
171,6.933333333333333,185.68888888888887,3.325333333333334,1.3014281010883779e-15
172,8.47777777777778,183.91111111111113,3.79,0.7333333333333344
173,8.455555555555556,197.10000000000002,4.823555555555554,0.38888888888888995
174,7.7444444444444445,264.82222222222225,3.344222222222222,0.5777777777777777
175,9.977777777777778,182.83333333333334,3.7067777777777775,0.7777777777777785
176,9.52222222222222,215.89999999999998,5.154111111111112,0.08888888888888975
177,10.355555555555556,262.1,2.4228888888888886,0.011111111111112886
178,11.322222222222221,270.8888888888889,2.632888888888889,0.2222222222222238
179,9.244444444444445,238.10000000000002,2.5773333333333333,1.7732728865540694e-15
180,8.088888888888889,232.44444444444446,2.2045555555555563,1.7763568394002505e-15
181,8.31111111111111,243.38888888888889,2.0436666666666667,8.234154099303245e-16
182,8.122222222222222,174.01111111111112,3.4315555555555552,8.203314570841435e-16
183,6.333333333333332,170.33333333333334,3.2591111111111117,1.5234727060134092e-15
184,10.544444444444444,289.0555555555556,4.057555555555556,1.8750433304780422e-15
185,8.666666666666666,205.7,2.308555555555556,1.0222222222222228
186,10.988888888888889,126.43333333333332,3.1802222222222225,0.22222222222222346
187,10.222222222222221,232.0222222222222,3.7246666666666663,1.612907338552658e-15
188,8.966666666666667,172.6777777777778,4.867777777777778,0.2555555555555564
189,7.277777777777778,239.41111111111115,3.8651111111111103,0.7444444444444452
190,9.922222222222222,235.33333333333334,3.3403333333333336,1.1595662701640524e-15
191,7.722222222222222,249.18888888888887,3.1355555555555554,0.07777777777777922
192,8.622222222222222,218.00000000000003,2.3836666666666666,0.6111111111111122
193,9.02222222222222,242.2888888888889,3.375333333333333,0.5333333333333339
194,11.88888888888889,269.91111111111115,3.5300000000000002,0.611111111111112
195,8.777777777777779,202.98888888888888,3.7425555555555556,0.46666666666666745
196,7.611111111111111,287.82222222222225,2.5966666666666667,1.609823385706477e-15
197,9.911111111111111,262.24444444444447,3.0343333333333335,1.609823385706477e-15
198,10.677777777777777,246.69999999999996,2.912111111111111,1.7763568394002505e-15
199,10.866666666666667,260.23333333333335,3.2148888888888885,0.12222222222222398
200,11.177777777777777,222.72222222222223,2.782777777777778,0.04444444444444576
201,7.422222222222222,235.74444444444447,2.313222222222222,1.0577958262400798e-15
202,9.088888888888887,209.20000000000002,4.871333333333332,0.9222222222222233
203,8.833333333333336,216.13333333333333,4.190222222222222,0.8000000000000007
204,15.955555555555556,209.06666666666666,2.3444444444444446,1.7763568394002505e-15
205,6.866666666666667,252.14444444444442,3.5789999999999997,1.3222222222222235
206,9.577777777777778,148.02222222222224,2.5247777777777776,1.597487574321753e-15
207,11.455555555555554,128.3888888888889,3.133,0.10000000000000091
208,6.822222222222222,116.45555555555555,4.017777777777777,1.0000000000000009
209,11.477777777777776,214.2888888888889,2.8164444444444445,0.5333333333333342
210,8.988888888888889,210.5888888888889,2.8333333333333335,0.011111111111111927
211,8.733333333333333,244.69999999999996,3.3667777777777776,1.3444444444444446
212,10.011111111111111,207.85555555555558,3.2275555555555555,0.8444444444444452
213,8.11111111111111,172.65555555555557,2.9241111111111113,0.7333333333333344
214,9.211111111111112,261.22222222222223,3.9467777777777777,0.211111111111112
215,7.233333333333334,226.76666666666668,2.839888888888889,0.3444444444444463
216,10.277777777777779,254.5222222222222,3.774,0.9333333333333348
217,8.333333333333334,258.9555555555555,2.508777777777778,0.21111111111111291
218,8.000000000000002,229.44444444444446,2.3497777777777777,1.8195321792467848e-15
219,9.38888888888889,227.52222222222224,2.7784444444444443,0.7777777777777796
220,7.288888888888888,241.9888888888889,2.299222222222222,1.7763568394002505e-15
221,8.0,252.67777777777778,1.8344444444444443,1.0670476847786226e-15
222,9.11111111111111,178.58888888888887,3.7363333333333335,0.011111111111111927
223,9.277777777777777,258.0,4.5713333333333335,0.23333333333333417
224,12.277777777777779,247.26666666666668,2.745888888888889,1.7732728865540694e-15
225,4.922222222222222,199.38888888888889,2.506666666666666,0.23333333333333492
226,9.100000000000001,145.66666666666666,4.099111111111111,0.2111111111111117
227,12.566666666666668,220.2555555555556,2.779222222222222,0.27777777777777796
228,9.522222222222222,220.31111111111113,3.244777777777778,0.4888888888888892
229,8.222222222222221,187.56666666666666,2.737666666666667,0.17777777777777937
230,9.122222222222222,214.4111111111111,4.995,0.17777777777777803
231,8.6,176.39999999999998,3.367111111111111,0.2888888888888902
232,7.311111111111113,170.76666666666665,5.457111111111112,0.08888888888888934
233,6.677777777777777,160.20000000000002,4.742333333333333,0.0888888888888898
234,10.344444444444443,206.23333333333335,3.3926666666666665,0.11111111111111138
235,7.911111111111113,217.2888888888889,3.2227777777777775,0.6444444444444457
236,9.411111111111108,241.56666666666666,2.3603333333333327,1.7763568394002505e-15
237,10.144444444444446,235.11111111111111,2.786,1.551228281629038e-15
238,8.966666666666667,262.7555555555556,4.565333333333332,0.9111111111111116
239,7.033333333333333,185.1222222222222,3.3133333333333335,1.3168478653192829e-15
240,9.08888888888889,290.2666666666667,3.0179999999999993,0.4888888888888905
241,9.833333333333334,264.1333333333333,2.705222222222222,1.7825247450926126e-15
242,11.544444444444444,187.39999999999998,2.847666666666667,0.5333333333333342
243,9.177777777777777,228.60000000000002,3.920222222222222,0.033333333333333916
244,9.033333333333335,286.65555555555557,3.0890000000000004,1.7732728865540694e-15
245,9.21111111111111,232.04444444444445,3.948888888888889,1.7671049808617074e-15
246,7.700000000000001,213.1333333333333,4.374333333333333,0.07777777777777889
247,12.277777777777779,158.76666666666665,4.137333333333334,0.03333333333333428
248,8.722222222222221,191.41111111111115,4.692555555555556,0.13333333333333386
249,6.7444444444444445,236.8777777777778,3.434111111111111,1.5777777777777782
250,9.38888888888889,233.9222222222222,3.282777777777778,0.12222222222222245
251,6.122222222222222,141.2888888888889,3.076333333333333,1.1163909303175185e-15
252,7.333333333333333,154.0111111111111,3.035222222222222,0.011111111111112904
253,7.388888888888889,206.65555555555557,2.0314444444444444,0.04444444444444599
254,6.388888888888889,179.53333333333333,5.416888888888889,0.35555555555555596
255,11.433333333333334,199.11111111111111,2.9971111111111117,0.5444444444444462
256,8.377777777777776,228.46666666666664,4.224333333333333,1.0444444444444452
257,8.866666666666667,172.0,4.070555555555554,0.6555555555555561
258,5.222222222222222,168.6,3.1344444444444446,0.14444444444444512
259,5.944444444444445,197.8111111111111,2.216777777777778,6.877214846983609e-16
260,9.633333333333333,281.66666666666674,2.6826666666666665,1.3014281010883779e-15
261,10.6,211.56666666666666,2.4621111111111116,1.2952601953960159e-15
262,10.255555555555555,212.79999999999998,4.068444444444444,0.5777777777777788
263,10.366666666666667,257.0111111111111,3.852333333333333,1.1555555555555563
264,12.166666666666666,205.04444444444445,2.159,1.7763568394002505e-15
265,10.644444444444444,273.7111111111111,3.4555555555555553,1.7763568394002505e-15
266,7.522222222222222,156.43333333333334,3.0682222222222224,0.23333333333333478
267,10.833333333333334,188.4888888888889,3.228111111111111,0.022222222222223496
268,8.788888888888888,271.34444444444443,3.6102222222222218,8.049116928532385e-16
269,8.122222222222222,158.60000000000002,3.312777777777778,0.011111111111111604
270,7.177777777777777,159.64444444444445,4.412333333333333,0.0444444444444448
271,9.844444444444445,274.18888888888887,3.501111111111111,0.6666666666666676
272,9.177777777777777,221.01111111111112,4.190555555555555,0.23333333333333373
273,9.122222222222222,200.0666666666667,2.6607777777777777,4.132496813882527e-16
274,7.5,142.65555555555557,3.4276666666666666,1.3291836767040068e-15
275,6.711111111111112,186.5777777777778,4.118222222222222,0.4666666666666672
276,10.344444444444445,218.54444444444445,3.5424444444444445,0.5888888888888902
277,8.02222222222222,237.9666666666667,2.882666666666667,0.13333333333333489
278,8.911111111111111,258.8777777777778,2.420444444444444,3.7315829438789984e-16
279,8.933333333333334,210.0,3.105,0.6111111111111112
280,10.799999999999999,242.95555555555555,2.861111111111111,0.04444444444444599
281,5.977777777777778,249.3777777777778,1.8915555555555557,8.234154099303245e-16
282,12.922222222222222,235.24444444444447,3.910888888888889,0.5666666666666672
283,11.988888888888889,252.10000000000002,3.819111111111111,1.0639637319324418e-15
284,14.944444444444445,239.97777777777776,2.6481111111111115,1.7763568394002505e-15
285,7.388888888888889,190.14444444444445,3.7946666666666666,1.0300402506244509e-15
286,12.777777777777779,263.4777777777778,3.500666666666666,1.7701889337078885e-15
287,8.355555555555554,269.35555555555555,2.1465555555555556,0.11111111111111252
288,8.077777777777778,224.3222222222222,3.7568888888888896,0.22222222222222263
289,7.944444444444445,260.74444444444447,3.264555555555556,8.141635513917814e-16
290,7.7666666666666675,162.66666666666666,3.635333333333333,8.141635513917814e-16
291,8.88888888888889,215.91111111111113,3.176111111111111,0.2222222222222232
292,9.200000000000001,240.14444444444447,4.034333333333333,0.12222222222222327
293,8.733333333333333,219.64444444444445,2.982444444444445,0.06666666666666826
294,9.81111111111111,212.11111111111114,3.542111111111111,1.2222222222222223
295,10.677777777777779,279.1,3.0406666666666666,1.7763568394002505e-15
296,10.022222222222222,270.5888888888889,3.1487777777777777,0.05555555555555716
297,8.888888888888888,211.12222222222226,2.398,1.0762995433171657e-15
298,8.522222222222222,275.6666666666667,2.709333333333334,1.7763568394002505e-15
299,8.811111111111112,220.04444444444445,3.3764444444444446,0.06666666666666797
300,7.611111111111111,225.13333333333335,2.850444444444444,0.28888888888889025
301,7.955555555555557,235.60000000000002,3.279444444444444,0.011111111111112881
302,7.7222222222222205,251.33333333333334,4.061777777777778,0.055555555555556996
303,8.366666666666667,231.5111111111111,3.8240000000000003,0.6555555555555563
304,11.388888888888888,237.45555555555555,2.372888888888889,1.7763568394002505e-15
305,8.477777777777778,240.2111111111111,2.4714444444444443,1.7763568394002505e-15
306,7.51111111111111,220.15555555555557,3.2075555555555555,0.6111111111111125
307,8.011111111111111,164.7222222222222,3.2248888888888896,0.6666666666666676
308,8.611111111111109,227.51111111111112,3.9111111111111114,0.4777777777777781
309,8.777777777777779,151.7888888888889,3.4178888888888888,0.2888888888888897
310,9.533333333333331,202.11111111111111,3.323555555555556,3.26899001695185e-16
311,9.38888888888889,247.8777777777778,3.4753333333333334,1.1410625530869673e-16
312,8.888888888888891,140.16666666666666,2.7765555555555554,0.3333333333333346
313,7.555555555555555,241.4888888888889,3.5135555555555555,0.47777777777777913
314,8.833333333333334,204.94444444444446,3.305444444444445,0.6444444444444449
315,6.5888888888888895,165.64444444444445,2.9317777777777776,1.0608797790862607e-15
316,7.555555555555555,186.91111111111115,2.2817777777777777,1.1410625530869663e-16
317,11.244444444444444,235.42222222222225,2.8076666666666665,1.3014281010883779e-15
318,6.388888888888889,129.24444444444444,2.9893333333333327,0.04444444444444579
319,10.144444444444442,272.4888888888889,3.2632222222222222,0.6333333333333336
320,9.68888888888889,258.3666666666667,3.604555555555555,1.600571527167934e-15
321,7.611111111111111,224.23333333333335,2.577444444444444,0.17777777777777903
322,9.877777777777776,170.95555555555558,3.876666666666667,1.063963731932442e-15
323,9.200000000000001,233.11111111111111,5.1770000000000005,0.0333333333333351
324,10.422222222222224,264.0888888888889,2.643444444444444,1.7763568394002505e-15
325,10.88888888888889,276.7777777777778,3.0705555555555555,1.7732728865540694e-15
326,9.18888888888889,263.84444444444443,3.5893333333333337,1.609823385706477e-15
327,7.777777777777778,83.81111111111112,2.263444444444444,0.2000000000000012
328,8.155555555555557,267.26666666666665,4.346777777777778,0.5222222222222234
329,9.955555555555556,149.74444444444444,6.250333333333335,0.08888888888888918
330,9.866666666666667,154.10000000000002,5.092,0.04444444444444505
331,8.38888888888889,186.41111111111113,2.606666666666667,0.58888888888889
332,9.177777777777777,229.06666666666666,3.3058888888888887,0.9000000000000006
333,8.166666666666666,204.31111111111113,3.6351111111111103,0.3000000000000016
334,8.88888888888889,258.0,3.2216666666666662,0.6555555555555554
335,7.777777777777778,220.26666666666665,2.664222222222222,0.011111111111111224
336,9.911111111111111,272.9111111111111,3.1289999999999996,0.12222222222222302
337,6.688888888888889,246.40000000000003,2.543555555555556,0.23333333333333472
338,9.433333333333332,220.84444444444446,3.4293333333333327,1.3291836767040068e-15
339,9.28888888888889,223.86666666666667,3.817111111111111,0.6333333333333339
340,8.51111111111111,318.1888888888889,2.2742222222222224,1.7763568394002505e-15
341,8.822222222222221,214.38888888888889,2.207333333333333,1.3014281010883779e-15
342,10.744444444444444,218.31111111111113,3.4655555555555555,0.5333333333333349
343,10.877777777777775,257.0111111111111,3.802333333333334,0.9333333333333338
344,12.655555555555557,224.05555555555554,2.690222222222222,0.17777777777777928
345,10.28888888888889,229.5,2.8164444444444445,1.5388924702443142e-15
346,7.755555555555556,212.7111111111111,3.907666666666666,0.633333333333334
347,10.21111111111111,161.54444444444445,5.013444444444444,0.05555555555555617
348,7.788888888888888,221.7222222222222,5.246666666666666,0.33333333333333365
349,10.677777777777775,184.11111111111111,3.094222222222222,1.2222222222222223
350,7.177777777777777,204.02222222222224,3.2334444444444443,0.17777777777777867
351,9.38888888888889,261.4777777777778,2.2333333333333334,0.4888888888888903
352,8.733333333333333,245.56666666666666,3.5345555555555555,0.7555555555555562
353,10.2,233.5222222222222,3.337666666666667,0.17777777777777817
354,7.633333333333334,217.0,3.5075555555555558,0.11111111111111148
355,8.755555555555556,214.38888888888889,3.3171111111111116,0.2888888888888903
356,9.055555555555554,269.6222222222222,3.0664444444444445,0.17777777777777953
357,10.355555555555556,243.11111111111111,2.844888888888889,0.6222222222222232
358,8.944444444444446,263.1666666666667,3.969222222222223,0.7777777777777793
359,9.233333333333333,256.0333333333333,5.21188888888889,0.04444444444444457
360,11.588888888888889,223.5111111111111,2.6539999999999995,0.04444444444444576
361,8.244444444444444,223.11111111111111,2.439888888888889,1.5388924702443142e-15
362,8.38888888888889,218.88888888888886,3.863777777777778,0.5444444444444457
363,11.077777777777776,260.6666666666667,4.134888888888889,1.4222222222222232
364,11.222222222222221,254.54444444444445,2.5487777777777776,1.7763568394002505e-15
365,10.233333333333333,279.75555555555553,3.3356666666666666,1.7763568394002505e-15
366,7.111111111111111,147.73333333333332,4.713444444444445,0.6444444444444456
367,10.577777777777776,234.71111111111108,3.9979999999999998,0.055555555555556496
368,9.444444444444445,281.1111111111111,3.2744444444444443,1.1873218457796813e-15
369,5.944444444444445,119.94444444444444,3.534222222222222,0.01111111111111187
370,9.988888888888887,244.14444444444447,2.6637777777777774,0.06666666666666692
371,8.600000000000001,199.2555555555556,4.050111111111111,0.622222222222223
372,9.366666666666665,227.9888888888889,2.7783333333333338,0.7111111111111119
373,9.411111111111113,249.4666666666667,3.1121111111111115,1.5222222222222228
374,8.399999999999999,220.7111111111111,3.3689999999999993,0.14444444444444543
375,10.222222222222221,167.72222222222223,2.9911111111111115,1.3014281010883779e-15
376,7.355555555555554,216.64444444444445,2.898444444444445,0.9444444444444451
377,10.02222222222222,218.88888888888886,2.8834444444444447,0.3222222222222233
378,7.444444444444445,245.85555555555558,2.956888888888889,0.6888888888888902
379,7.633333333333334,289.18888888888887,3.2697777777777777,0.6222222222222235
380,7.466666666666667,288.1666666666667,2.232111111111111,1.7763568394002505e-15
381,10.57777777777778,244.26666666666662,3.2205555555555554,0.3888888888888892
382,8.766666666666667,209.7888888888889,3.041,0.6444444444444458
383,8.700000000000001,210.46666666666664,3.3282222222222217,0.20000000000000084
384,9.855555555555556,98.17777777777776,1.9575555555555555,1.7763568394002505e-15
385,9.666666666666666,263.6666666666667,2.802888888888889,1.7732728865540694e-15
386,9.433333333333334,194.91111111111113,4.272333333333332,0.08888888888889016
387,8.488888888888887,159.1888888888889,4.969333333333334,0.5777777777777784
388,9.077777777777778,210.54444444444445,4.24,0.4666666666666674
389,8.477777777777778,212.03333333333336,3.696,1.2000000000000002
390,12.377777777777776,246.9888888888889,3.4582222222222216,-1.2335811384723962e-16
391,9.055555555555555,244.14444444444447,2.996,0.12222222222222218
392,8.5,191.2111111111111,3.818,1.311111111111112
393,7.388888888888889,207.54444444444442,5.776555555555556,0.35555555555555596
394,7.344444444444445,89.66666666666667,3.778333333333333,0.5333333333333345
395,7.544444444444445,203.0222222222222,3.3059999999999996,0.5555555555555562
396,7.833333333333335,221.37777777777777,4.860333333333333,3.1000000000000005
397,8.31111111111111,224.62222222222226,4.119666666666666,1.1111111111111118
398,8.822222222222223,205.0888888888889,3.7307777777777775,0.4666666666666678
399,9.422222222222222,229.9666666666667,4.506555555555555,1.2888888888888892
400,9.299999999999999,304.0111111111111,3.074333333333333,0.8777777777777794
401,8.911111111111111,202.4888888888889,2.538888888888889,1.0639637319324418e-15
402,9.511111111111113,241.91111111111115,4.178777777777778,0.12222222222222327
403,10.066666666666668,227.11111111111111,5.373999999999999,0.5777777777777786
404,12.788888888888888,210.06666666666666,2.3087777777777774,1.7763568394002505e-15
405,9.11111111111111,268.73333333333335,3.337888888888889,1.7763568394002505e-15
406,7.7666666666666675,220.7888888888889,3.295444444444444,0.7666666666666679
407,11.666666666666668,209.2888888888889,3.6361111111111106,0.05555555555555683
408,9.100000000000001,273.6444444444444,2.0332222222222223,3.515706244646329e-16
409,8.922222222222222,207.82222222222222,2.918,1.311111111111112
410,8.377777777777776,166.9888888888889,3.1488888888888886,0.3444444444444444
411,7.48888888888889,131.1777777777778,3.7020000000000004,0.06666666666666796
412,10.555555555555554,211.22222222222223,2.875,0.055555555555555754
413,9.144444444444444,212.34444444444446,2.8211111111111107,0.5333333333333333
414,8.166666666666666,219.63333333333333,3.027333333333333,0.0111111111111117
415,7.977777777777778,176.27777777777774,3.285111111111111,0.8000000000000012
416,9.933333333333334,229.85555555555553,4.746444444444444,0.7222222222222234
417,7.944444444444443,258.82222222222225,3.736222222222222,0.9777777777777796
418,8.944444444444445,250.53333333333336,2.823666666666666,0.6000000000000014
419,8.11111111111111,154.53333333333333,4.058333333333334,0.14444444444444599
420,7.48888888888889,238.70000000000002,2.898222222222222,0.07777777777777937
421,8.522222222222222,191.63333333333333,3.1146666666666665,0.16666666666666824
422,8.177777777777777,259.0,4.067555555555555,0.055555555555556996
423,9.544444444444444,230.97777777777776,3.627555555555556,1.1555555555555563
424,9.488888888888887,233.34444444444443,2.2181111111111114,1.7763568394002505e-15
425,10.688888888888888,129.34444444444446,3.1479999999999997,0.4888888888888903
426,10.322222222222223,153.26666666666668,4.694111111111111,0.22222222222222332
427,8.955555555555556,175.05555555555554,4.956888888888888,0.06666666666666726
428,16.8,178.90000000000003,1.8119999999999996,-3.608224830031759e-16
429,8.822222222222223,251.03333333333336,2.798222222222222,0.5888888888888892
430,9.111111111111109,176.05555555555554,2.5503333333333336,0.3555555555555557
431,8.922222222222222,223.53333333333333,4.993444444444445,0.9777777777777783
432,12.1,240.72222222222223,3.6181111111111113,0.044444444444445036
433,8.233333333333333,215.1,3.805444444444445,0.22222222222222238
434,10.322222222222221,291.55555555555554,3.320555555555556,0.05555555555555716
435,8.711111111111112,199.6777777777778,3.1721111111111115,0.2888888888888897
436,7.688888888888889,235.47777777777776,2.4727777777777775,0.5111111111111123
437,7.888888888888889,262.3222222222223,2.802,0.3777777777777789
438,8.455555555555556,219.95555555555555,1.8625555555555553,-9.560253823161071e-17
439,9.277777777777779,197.5666666666667,2.9539999999999997,0.611111111111112
440,12.966666666666665,262.15555555555557,1.974444444444445,1.7763568394002505e-15
441,10.588888888888889,266.93333333333334,3.4319999999999995,0.4555555555555569
442,7.977777777777778,228.07777777777775,3.304666666666667,0.011111111111112165
443,7.922222222222222,199.72222222222217,2.676555555555556,0.03333333333333369
444,11.522222222222222,261.29999999999995,2.994111111111111,1.7763568394002505e-15
445,11.622222222222224,213.92222222222222,3.416111111111111,1.5358085173981333e-15
446,6.322222222222221,241.41111111111115,4.819111111111111,0.933333333333334
447,7.233333333333334,213.1444444444445,4.346666666666668,1.9555555555555562
448,8.3,276.5111111111112,4.621333333333332,0.4555555555555567
449,8.266666666666667,164.20000000000002,3.2845555555555555,0.5333333333333339
450,9.166666666666668,224.7,2.841111111111111,0.15555555555555636
451,8.177777777777777,294.0111111111112,4.565888888888889,8.542549383921344e-16
452,11.600000000000001,238.96666666666664,3.692,1.3291836767040068e-15
453,7.877777777777778,168.07777777777778,3.3664444444444444,0.7333333333333344
454,7.355555555555556,188.16666666666666,2.872,3.4540271877227093e-16
455,7.800000000000001,175.96666666666667,2.8744444444444444,0.23333333333333325
456,6.822222222222222,205.23333333333335,2.222555555555556,-1.2335811384723962e-16
457,8.544444444444444,204.7444444444444,3.6841111111111107,0.4111111111111112
458,8.277777777777777,200.81111111111113,3.4946666666666664,0.5333333333333344
459,10.611111111111109,248.27777777777777,4.282444444444445,1.0824674490095276e-15
460,12.299999999999999,273.6666666666667,2.053333333333333,1.7763568394002505e-15
461,8.333333333333334,235.15555555555557,2.3952222222222224,1.0608797790862607e-15
462,8.944444444444445,186.5111111111111,3.8674444444444447,1.0670476847786226e-15
463,10.233333333333333,240.05555555555554,3.6072222222222217,1.0222222222222228
464,10.622222222222222,213.39999999999998,2.2083333333333335,1.7763568394002505e-15
465,9.911111111111111,171.26666666666668,2.6544444444444446,0.8444444444444458
466,8.666666666666666,181.7444444444444,4.497111111111113,0.22222222222222332
467,8.644444444444444,240.18888888888887,4.478888888888889,0.33333333333333376
468,6.977777777777777,248.37777777777774,2.570555555555556,0.7000000000000003
469,9.544444444444444,190.76666666666668,3.626666666666667,0.06666666666666737
470,9.488888888888887,187.29999999999998,2.709222222222222,1.1225588360098805e-15
471,10.622222222222222,236.5222222222222,2.4892222222222222,0.06666666666666775
472,13.177777777777775,268.9222222222222,3.173777777777778,1.0666666666666673
473,9.18888888888889,195.95555555555555,2.916111111111111,0.5333333333333337
474,9.144444444444442,211.61111111111111,3.6823333333333332,0.19999999999999973
475,9.155555555555557,216.2888888888889,3.878222222222222,0.1111111111111111
476,11.855555555555556,185.53333333333333,4.07011111111111,0.12222222222222325
477,10.633333333333335,277.83333333333337,3.6822222222222223,0.6111111111111122
478,8.133333333333333,208.74444444444447,3.4832222222222224,0.05555555555555685
479,8.299999999999999,240.31111111111113,3.3716666666666666,0.4888888888888896
480,7.133333333333334,163.5111111111111,2.9739999999999998,0.05555555555555699
481,8.0,239.5222222222222,3.3017777777777777,0.033333333333335116
482,10.133333333333333,190.46666666666664,3.3677777777777775,0.2111111111111122
483,9.899999999999999,211.8,3.209888888888889,1.044444444444445
484,11.644444444444444,163.77777777777774,1.8597777777777778,1.7763568394002505e-15
485,9.988888888888887,297.1111111111111,3.4331111111111117,1.7763568394002505e-15
486,9.588888888888889,179.77777777777777,3.7857777777777772,0.04444444444444535
487,10.81111111111111,197.36666666666665,3.344444444444445,0.01111111111111231
488,8.544444444444444,234.5777777777778,4.232222222222223,0.3777777777777781
489,8.588888888888889,267.0444444444445,3.806888888888888,0.15555555555555634
490,8.1,214.2555555555556,5.010222222222222,0.4666666666666667
491,9.222222222222221,270.0444444444444,2.954888888888889,0.13333333333333386
492,9.922222222222224,243.48888888888885,3.7435555555555555,0.8777777777777782
493,8.322222222222223,226.75555555555556,4.001444444444445,0.5333333333333337
494,10.622222222222222,301.9444444444445,3.543,0.05555555555555716
495,8.677777777777777,171.05555555555554,3.1962222222222225,0.46666666666666806
496,7.855555555555554,291.6444444444444,3.1549999999999994,1.600571527167934e-15
497,7.866666666666666,212.5888888888889,3.9154444444444456,0.05555555555555601
498,6.911111111111111,207.34444444444446,3.657666666666666,0.5888888888888899
499,11.255555555555553,222.70000000000002,3.4995555555555558,0.6555555555555566
500,7.955555555555555,313.9555555555555,2.1702222222222223,1.7763568394002505e-15
501,8.82222222222222,226.10000000000002,2.278,1.3014281010883779e-15
502,9.511111111111113,161.83333333333334,2.9223333333333334,5.859510407743883e-16
503,9.38888888888889,208.08888888888885,3.0375555555555556,1.0222222222222224
504,9.38888888888889,201.63333333333333,2.1893333333333334,1.7763568394002505e-15
505,10.033333333333333,185.68888888888893,3.3528888888888893,0.04444444444444559
506,8.544444444444444,224.07777777777778,3.3144444444444447,0.055555555555556815
507,10.277777777777779,199.38888888888889,2.4944444444444445,0.20000000000000037
508,11.21111111111111,277.0888888888889,2.6913333333333336,0.055555555555556246
509,10.944444444444445,214.03333333333336,4.339666666666667,0.06666666666666705
510,9.933333333333332,206.35555555555553,2.8261111111111115,-3.608224830031759e-16
511,10.788888888888888,258.06666666666666,3.903777777777778,0.9555555555555565
512,10.033333333333333,251.04444444444445,3.4151111111111114,8.943463253924872e-16
513,8.522222222222222,229.41111111111115,3.0909999999999997,0.17777777777777873
514,7.822222222222223,166.8,2.879666666666667,0.02222222222222376
515,6.666666666666667,188.38888888888889,3.752666666666667,0.5555555555555565
516,9.466666666666667,258.73333333333335,3.1173333333333333,1.022222222222223
517,10.133333333333333,288.3333333333333,3.352111111111111,0.011111111111112649
518,7.033333333333332,321.6333333333334,1.8378888888888885,0.14444444444444607
519,9.266666666666667,213.2444444444444,4.180888888888889,0.08888888888888981
520,11.622222222222222,231.63333333333333,1.9592222222222224,1.7763568394002505e-15
521,6.955555555555555,235.73333333333332,2.107111111111111,1.0577958262400798e-15
522,10.866666666666665,238.42222222222225,5.081777777777779,0.9111111111111122
523,8.477777777777778,211.9333333333333,2.7027777777777775,0.9000000000000014
524,12.211111111111112,196.79999999999998,2.827111111111111,0.01111111111111272
525,8.266666666666666,269.8333333333333,2.584777777777778,1.7763568394002505e-15
526,8.333333333333334,243.61111111111111,3.8229999999999995,0.8444444444444454
527,8.855555555555556,219.4888888888889,3.807444444444444,0.5555555555555564
528,6.966666666666668,231.0,3.5277777777777777,0.9444444444444446
529,10.544444444444444,200.41111111111113,3.1976666666666667,0.6444444444444454
530,8.055555555555554,219.75555555555556,2.9152222222222224,3.515706244646329e-16
531,9.2,251.2111111111111,4.331222222222222,0.08888888888888921
532,8.68888888888889,231.04444444444445,4.554222222222221,0.23333333333333378
533,7.922222222222222,224.8111111111111,5.325444444444445,0.13333333333333305
534,11.61111111111111,239.8777777777778,4.326777777777778,-2.3746436915593625e-16
535,12.022222222222222,205.77777777777777,2.8184444444444443,0.5333333333333337
536,8.188888888888888,237.93333333333334,2.712333333333333,0.9888888888888889
537,8.677777777777779,248.27777777777777,2.8232222222222223,0.5111111111111124
538,9.3,143.63333333333333,3.9635555555555553,1.5450603759366761e-15
539,6.877777777777777,150.26666666666668,3.4053333333333335,0.5111111111111123
540,10.011111111111111,272.7888888888889,2.7147777777777775,1.566648045859943e-15
541,8.355555555555556,246.70000000000002,2.718888888888889,1.0701316376248037e-15
542,9.144444444444444,180.20000000000002,2.969888888888889,8.295833156226864e-16
543,9.68888888888889,245.86666666666665,4.067666666666666,0.23333333333333395
544,8.977777777777776,237.29999999999998,2.723222222222222,1.5388924702443142e-15
545,8.288888888888888,246.6222222222222,2.953777777777778,0.6222222222222232
546,8.288888888888888,189.34444444444443,3.6894444444444443,1.597487574321753e-15
547,10.877777777777778,209.26666666666668,3.295555555555556,0.8000000000000015
548,11.877777777777776,252.0777777777778,2.3682222222222222,8.234154099303245e-16
549,10.011111111111113,278.5,3.4978888888888893,0.48888888888888943
550,9.78888888888889,225.86666666666667,2.847666666666667,8.789265611615823e-16
551,7.855555555555556,222.86666666666667,3.288777777777778,0.33333333333333404
552,7.199999999999999,176.04444444444442,3.157,0.01111111111111242
553,6.722222222222222,243.66666666666666,2.696333333333333,0.06666666666666807
554,7.877777777777778,176.54444444444445,4.007000000000001,0.12222222222222354
555,9.777777777777779,255.5222222222222,2.9610000000000003,1.7732728865540694e-15
556,9.199999999999998,283.20000000000005,2.757222222222223,0.055555555555556864
557,8.433333333333334,252.11111111111106,3.517444444444444,0.7666666666666676
558,8.511111111111113,234.81111111111113,3.0926666666666662,0.21111111111111247
559,7.866666666666668,212.2,3.701888888888889,1.0886353547018896e-15
560,7.300000000000001,206.01111111111112,3.375,0.4444444444444458
561,7.111111111111111,200.92222222222225,3.2306666666666666,1.7640210280155265e-15
562,7.888888888888889,185.24444444444444,4.1467777777777775,0.3222222222222224
563,7.300000000000001,221.82222222222222,2.9574444444444445,0.8000000000000007
564,14.844444444444443,240.2888888888889,2.5556666666666668,1.7763568394002505e-15
565,9.244444444444445,230.47777777777776,3.556888888888889,0.2444444444444454
566,11.677777777777777,126.38888888888889,3.3716666666666666,1.4309541206279796e-15
567,9.344444444444445,199.6,4.257555555555555,0.6555555555555559
568,8.366666666666667,250.76666666666668,3.243666666666667,0.5333333333333338
569,10.488888888888887,192.74444444444444,4.114333333333334,0.14444444444444507
570,7.233333333333334,193.82222222222222,3.7334444444444452,1.066666666666667
571,8.9,141.36666666666667,3.2969999999999997,0.9000000000000008
572,8.711111111111112,255.23333333333338,3.8556666666666666,0.8666666666666676
573,9.977777777777776,200.45555555555555,2.6908888888888884,0.20000000000000182
574,10.433333333333332,217.43333333333334,2.8350000000000004,1.7763568394002505e-15
575,9.02222222222222,179.42222222222225,3.053444444444444,0.08888888888888974
576,9.51111111111111,246.97777777777776,4.179333333333334,0.022222222222223576
577,9.11111111111111,278.6,2.8472222222222223,1.313763912473102e-15
578,7.844444444444444,304.6777777777778,3.068666666666666,1.855555555555557
579,8.566666666666668,233.07777777777775,4.07,0.12222222222222363
580,9.466666666666667,285.98888888888894,3.2656666666666663,0.6111111111111127
581,8.966666666666667,261.12222222222226,2.4986666666666664,1.298344148242197e-15
582,10.633333333333333,206.10000000000002,2.989,0.5333333333333344
583,11.255555555555555,216.56666666666663,3.4704444444444444,0.2555555555555562
584,10.411111111111111,267.5444444444445,2.597777777777777,1.7763568394002505e-15
585,9.722222222222221,267.33333333333337,3.159555555555555,0.05555555555555716
586,7.800000000000001,213.39999999999998,3.9633333333333334,0.055555555555556496
587,9.422222222222222,248.5,4.778666666666666,0.04444444444444555
588,5.755555555555556,92.54444444444444,4.641333333333332,1.2150774213953102e-15
589,8.511111111111111,189.2111111111111,2.8223333333333334,0.12222222222222297
590,9.722222222222221,237.1777777777778,3.2927777777777774,0.0666666666666678
591,8.688888888888888,195.45555555555555,3.647444444444445,0.06666666666666782
592,10.322222222222223,236.9777777777778,3.053,6.56881956236551e-16
593,7.799999999999999,214.1777777777778,3.2021111111111114,0.5333333333333343
594,8.566666666666666,212.02222222222224,4.212,1.0444444444444445
595,7.888888888888889,244.77777777777777,3.4848888888888894,0.2444444444444452
596,8.044444444444444,237.85555555555553,4.271666666666666,0.9111111111111116
597,9.755555555555553,218.75555555555556,3.9648888888888885,1.0444444444444452
598,8.899999999999999,157.56666666666666,3.689,0.21111111111111164
599,7.366666666666668,210.56666666666666,3.3857777777777773,0.7000000000000006
600,9.588888888888887,280.2888888888889,2.5933333333333333,1.5388924702443142e-15
601,9.555555555555557,228.12222222222226,4.38911111111111,1.3661911108581787e-15
602,8.6,258.5777777777778,3.894888888888889,0.9888888888888895
603,9.622222222222222,205.26666666666665,4.137222222222222,0.04444444444444526
604,10.588888888888889,226.42222222222225,2.184888888888889,1.7763568394002505e-15
605,10.122222222222222,236.65555555555557,2.897777777777778,1.7763568394002505e-15
606,6.644444444444444,205.86666666666665,3.019111111111111,1.0777777777777786
607,9.0,177.32222222222222,4.473000000000001,9.43689570931383e-16
608,8.188888888888888,257.1777777777778,3.5720000000000005,0.14444444444444474
609,10.566666666666666,217.84444444444446,3.2575555555555558,0.12222222222222283
610,11.68888888888889,224.65555555555554,3.8700000000000006,0.6111111111111112
611,8.333333333333332,215.11111111111111,3.403666666666667,0.05555555555555628
612,10.799999999999999,215.08888888888885,3.2028888888888885,0.13333333333333475
613,6.3,142.22222222222226,4.996777777777777,0.10000000000000092
614,9.744444444444445,241.88888888888889,3.8757777777777775,1.2222222222222223
615,12.077777777777776,210.6222222222222,2.9856666666666665,0.533333333333334
616,12.911111111111111,197.75555555555556,3.676333333333333,0.7111111111111125
617,7.6000000000000005,226.45555555555555,4.416999999999999,1.0333333333333343
618,8.233333333333334,257.7,2.9332222222222217,1.7732728865540694e-15
619,9.822222222222221,187.6222222222222,4.352888888888889,0.04444444444444552
620,6.999999999999998,301.31111111111113,2.1532222222222224,1.566648045859943e-15
621,5.866666666666666,191.5666666666667,2.5857777777777775,0.033333333333335116
622,8.966666666666667,239.56666666666666,3.661777777777778,0.033333333333334894
623,8.999999999999998,238.93333333333334,4.099888888888889,1.2555555555555564
624,9.6,262.2444444444444,2.347888888888889,1.7763568394002505e-15
625,10.922222222222222,284.47777777777776,3.7568888888888896,1.7763568394002505e-15
626,8.033333333333335,236.41111111111115,2.9396666666666667,0.12222222222222356
627,9.088888888888889,203.66666666666666,3.174444444444445,0.12222222222222381
628,10.02222222222222,199.14444444444442,4.517,0.7333333333333337
629,9.38888888888889,200.8777777777778,5.011666666666667,0.788888888888889
630,10.155555555555557,176.5,5.298666666666667,0.14444444444444468
631,8.455555555555556,244.0333333333333,4.255888888888888,0.011111111111111481
632,8.011111111111113,227.35555555555558,3.1886666666666663,1.0777777777777784
633,9.222222222222221,194.96666666666667,3.3681111111111104,0.6555555555555567
634,8.155555555555555,211.83333333333334,3.513888888888889,0.6111111111111118
635,8.655555555555557,216.58888888888887,1.706777777777778,0.23333333333333398
636,9.988888888888887,274.9111111111111,3.578333333333333,6.56881956236551e-16
637,11.699999999999998,229.95555555555555,2.9963333333333337,-2.898915675410131e-16
638,9.077777777777776,235.38888888888889,3.6754444444444445,0.044444444444444814
639,7.788888888888888,236.32222222222222,2.8591111111111114,1.8333333333333337
640,9.277777777777779,282.3888888888889,3.5965555555555557,0.12222222222222381
641,7.344444444444445,255.22222222222229,2.6527777777777772,1.7763568394002505e-15
642,8.044444444444444,177.34444444444446,2.515111111111111,8.234154099303245e-16
643,10.311111111111112,158.9666666666667,2.719333333333333,1.022222222222223
644,9.377777777777778,94.38888888888889,1.9334444444444445,1.7763568394002505e-15
645,7.822222222222221,219.04444444444445,3.7849999999999997,1.9444444444444453
646,9.5,199.6555555555555,4.263000000000001,7.771561172376096e-16
647,9.433333333333332,181.7111111111111,4.913888888888889,0.0888888888888893
648,6.333333333333333,181.44444444444446,7.971777777777778,5.458596537740353e-16
649,9.122222222222224,230.31111111111113,3.2849999999999997,0.23333333333333373
650,8.355555555555556,174.87777777777777,3.459111111111111,0.0666666666666672
651,8.533333333333333,171.64444444444447,3.2054444444444448,0.6111111111111115
652,11.399999999999999,286.0222222222222,3.446111111111111,1.1444444444444448
653,10.544444444444444,219.93333333333334,3.2401111111111103,0.06666666666666778
654,10.688888888888888,254.36666666666667,3.456111111111111,1.609823385706477e-15
655,9.1,222.7111111111111,3.0974444444444447,0.055555555555556864
656,10.144444444444444,261.25555555555553,2.8436666666666666,0.26666666666666805
657,9.711111111111112,206.3222222222222,2.785777777777778,0.06666666666666798
658,7.877777777777778,231.10000000000002,3.351777777777778,1.1777777777777791
659,7.455555555555555,216.8888888888889,3.516777777777778,0.5888888888888905
660,8.977777777777778,261.3222222222222,2.301222222222222,1.7763568394002505e-15
661,8.188888888888888,245.52222222222224,3.189111111111111,0.611111111111112
662,8.988888888888889,186.54444444444442,3.2583333333333337,8.264993627765054e-16
663,8.999999999999998,220.35555555555555,3.444666666666666,0.5111111111111116
664,11.044444444444444,199.96666666666667,2.5372222222222223,1.7763568394002505e-15
665,9.47777777777778,236.6555555555555,3.1152222222222217,2.4555555555555566
666,7.422222222222223,196.0777777777778,3.634777777777778,0.5888888888888902
667,9.166666666666666,261.9888888888889,3.438,1.1555555555555563
668,8.977777777777778,251.55555555555554,3.3177777777777773,1.0666666666666669
669,6.9333333333333345,223.08888888888887,2.484666666666667,0.6666666666666666
670,8.811111111111112,135.3444444444444,2.4829999999999997,0.022222222222222813
671,9.58888888888889,235.29999999999998,4.135333333333333,0.3555555555555568
672,10.21111111111111,201.15555555555557,3.196888888888889,0.2111111111111119
673,9.499999999999998,216.03333333333333,3.8757777777777784,0.5777777777777787
674,8.044444444444444,220.34444444444443,4.437555555555555,0.16666666666666707
675,8.777777777777779,230.66666666666666,3.501555555555555,0.05555555555555591
676,10.322222222222223,192.05555555555554,4.094333333333334,1.6555555555555563
677,9.155555555555557,241.3222222222222,3.7577777777777777,0.5111111111111121
678,10.911111111111111,239.2555555555556,3.7479999999999998,0.17777777777777837
679,7.6000000000000005,221.8777777777778,2.8753333333333333,0.17777777777777806
680,7.7666666666666675,200.2,3.055888888888889,0.04444444444444599
681,9.922222222222222,224.95555555555555,4.229111111111111,1.5234727060134092e-15
682,9.677777777777777,237.1222222222222,3.572333333333333,0.011111111111112418
683,9.444444444444445,212.84444444444443,3.385555555555556,0.2111111111111117
684,6.977777777777776,297.09999999999997,2.188,1.7763568394002505e-15
685,5.255555555555556,200.84444444444443,3.0871111111111116,0.20000000000000157
686,5.844444444444445,151.4333333333333,3.2493333333333334,0.055555555555556996
687,7.7555555555555555,223.52222222222224,3.6241111111111106,0.6888888888888896
688,6.111111111111112,186.15555555555557,4.611,0.23333333333333453
689,10.633333333333333,227.3222222222222,3.8988888888888886,1.0777777777777786
690,10.933333333333332,262.3444444444445,3.3005555555555555,0.7111111111111116
691,7.177777777777777,160.12222222222223,2.986000000000001,0.2111111111111119
692,6.744444444444444,162.9,3.686444444444444,0.5777777777777792
693,5.711111111111112,223.26666666666668,1.6661111111111113,0.2555555555555573
694,7.422222222222222,168.45555555555558,3.2181111111111114,0.20000000000000112
695,9.31111111111111,225.81111111111113,4.076888888888888,0.28888888888888914
696,7.444444444444446,212.03333333333336,3.2897777777777777,1.3754429693967218e-15
697,8.022222222222222,215.3444444444444,3.4482222222222223,0.08888888888888925
698,10.722222222222221,245.17777777777778,3.9691111111111113,0.05555555555555631
699,9.355555555555554,199.58888888888887,2.498555555555556,1.0886353547018896e-15
700,9.855555555555556,261.66666666666674,3.7201111111111107,0.1333333333333349
701,10.299999999999999,268.9222222222222,2.9049999999999994,1.2952601953960159e-15
702,8.4,155.05555555555557,3.033333333333333,0.05555555555555621
703,10.277777777777777,215.26666666666665,3.5494444444444446,1.0888888888888895
704,9.488888888888889,109.1888888888889,1.7556666666666667,1.7763568394002505e-15
705,7.0,196.63333333333333,4.367555555555555,0.9777777777777791
706,10.177777777777777,171.7111111111111,3.9536666666666664,9.375216652390211e-16
707,9.322222222222221,201.05555555555557,5.167999999999999,0.011111111111111998
708,9.166666666666666,239.63333333333335,4.264222222222222,0.188888888888889
709,7.677777777777777,271.4222222222222,3.0785555555555555,7.709882115452476e-16
710,9.5,209.18888888888887,4.279999999999999,0.4555555555555561
711,8.68888888888889,214.75555555555556,4.008222222222222,0.10000000000000091
712,10.68888888888889,220.83333333333334,4.123777777777778,0.7777777777777788
713,11.644444444444444,204.3111111111111,3.259888888888889,0.06666666666666782
714,8.3,192.8444444444445,3.4562222222222228,0.5777777777777781
715,10.61111111111111,168.62222222222223,3.936444444444445,0.6222222222222229
716,8.4,234.3444444444445,3.9025555555555553,0.8666666666666669
717,10.633333333333333,219.94444444444443,4.1083333333333325,1.166666666666667
718,8.18888888888889,192.27777777777777,2.988888888888889,0.7555555555555564
719,7.322222222222223,264.05555555555554,2.539333333333333,1.5388924702443142e-15
720,8.366666666666667,333.1444444444444,2.7954444444444446,0.38888888888889067
721,8.91111111111111,215.62222222222223,2.4754444444444443,0.6111111111111122
722,10.511111111111111,207.3888888888889,3.558444444444445,0.5333333333333349
723,10.077777777777776,255.92222222222225,3.7151111111111113,1.155555555555556
724,11.31111111111111,226.23333333333332,2.232777777777778,1.7763568394002505e-15
725,9.122222222222222,293.5444444444445,2.827,1.7763568394002505e-15
726,9.88888888888889,197.32222222222222,3.257777777777778,1.3631071580119978e-15
727,11.444444444444445,155.14444444444447,3.032,0.011111111111112707
728,7.622222222222222,240.03333333333336,3.800222222222222,0.47777777777777797
729,8.955555555555556,225.15555555555554,2.3241111111111112,0.4333333333333343
730,10.3,174.12222222222223,1.8154444444444442,0.18888888888888994
731,7.911111111111111,206.07777777777775,2.7776666666666667,0.06666666666666801
732,7.233333333333334,173.35555555555555,3.9525555555555556,0.11111111111111224
733,5.777777777777778,188.33333333333337,2.549777777777778,0.0888888888888905
734,9.644444444444444,216.01111111111112,3.1134444444444447,0.24444444444444471
735,9.455555555555556,267.70000000000005,3.0171111111111113,0.17777777777777912
736,10.233333333333333,191.7111111111111,3.1381111111111113,0.4555555555555569
737,8.533333333333333,171.0111111111111,4.372,0.12222222222222277
738,10.466666666666667,239.01111111111115,3.754111111111111,0.16666666666666796
739,7.7222222222222205,222.15555555555557,2.913222222222222,0.6777777777777787
740,6.999999999999999,207.66666666666666,2.786222222222223,0.23333333333333467
741,12.244444444444445,288.41111111111115,3.962111111111111,0.7111111111111122
742,8.644444444444446,260.3333333333333,3.5683333333333334,1.2666666666666675
743,9.38888888888889,200.8111111111111,3.4611111111111112,0.022222222222222567
744,14.488888888888889,216.08888888888885,2.471,0.17777777777777953
745,10.21111111111111,216.52222222222224,2.363222222222222,0.2111111111111129
746,10.044444444444444,232.46666666666664,4.53,0.2666666666666676
747,8.088888888888889,198.64444444444445,2.7649999999999997,0.20000000000000123
748,6.3999999999999995,179.40000000000003,9.25,1.942890293094024e-16
749,12.47777777777778,207.6777777777778,3.6232222222222226,0.31111111111111156
750,10.677777777777777,218.02222222222224,2.1983333333333337,-3.608224830031759e-16
751,9.466666666666665,126.60000000000001,2.745444444444445,0.21111111111111164
752,7.222222222222222,189.7888888888889,2.7023333333333333,0.5333333333333348
753,4.78888888888889,223.64444444444442,1.413888888888889,0.15555555555555733
754,8.41111111111111,153.9111111111111,3.3060000000000005,1.0886353547018896e-15
755,9.433333333333332,214.0,4.314777777777777,0.05555555555555607
756,9.511111111111111,172.81111111111107,2.370888888888889,0.022222222222224
757,8.366666666666667,196.94444444444446,2.543222222222222,0.6111111111111122
758,7.644444444444446,257.6,2.3369999999999997,0.0666666666666682
759,9.133333333333335,226.62222222222223,3.702777777777778,8.881784197001252e-16
760,7.855555555555554,324.7,2.8272222222222223,0.38888888888889067
761,9.866666666666667,220.54444444444442,2.675,1.1318106945484235e-15
762,7.966666666666667,172.2555555555556,2.935,1.0547118733938987e-15
763,7.2444444444444445,182.18888888888893,2.8867777777777777,0.1111111111111123
764,9.02222222222222,271.4333333333333,2.4772222222222227,1.7763568394002505e-15
765,9.200000000000001,114.6222222222222,3.3552222222222223,0.04444444444444605
766,9.655555555555555,162.86666666666667,3.192,1.267504619780387e-15
767,8.677777777777779,174.8,4.449000000000001,1.166666666666667
768,7.122222222222224,251.80000000000004,3.8424444444444443,1.877777777777778
769,9.155555555555557,160.14444444444445,2.5423333333333336,0.23333333333333453
770,7.588888888888889,185.89999999999998,3.033333333333333,0.2222222222222231
771,10.18888888888889,248.4888888888889,2.940555555555555,0.28888888888888975
772,8.533333333333333,134.14444444444447,3.734222222222222,0.06666666666666797
773,6.0777777777777775,161.34444444444446,2.452444444444444,0.20000000000000137
774,7.611111111111111,227.20000000000002,4.7843333333333335,0.9777777777777784
775,8.977777777777778,197.57777777777778,4.697555555555556,1.4111111111111114
776,8.488888888888887,224.06666666666666,3.317666666666667,4.1016572854207174e-16
777,8.133333333333333,258.77777777777777,2.642444444444444,1.319931818165464e-15
778,11.222222222222221,236.5888888888889,2.7611111111111115,0.23333333333333467
779,10.288888888888888,267.1111111111111,3.5757777777777773,6.44546144851827e-16
780,12.655555555555555,242.63333333333333,1.971,1.7763568394002505e-15
781,7.555555555555555,239.83333333333334,2.1084444444444443,1.5358085173981333e-15
782,8.81111111111111,187.01111111111112,3.096111111111111,0.5555555555555565
783,10.81111111111111,266.0444444444445,3.804111111111111,1.666666666666667
784,9.588888888888889,261.08888888888885,2.553444444444444,0.17777777777777953
785,5.911111111111111,243.77777777777777,2.6024444444444446,0.2000000000000014
786,5.644444444444444,267.47777777777776,2.2988888888888894,1.8750433304780422e-15
787,7.2333333333333325,237.77777777777777,3.838111111111111,0.3444444444444448
788,8.477777777777778,271.4666666666667,3.6387777777777774,0.5333333333333345
789,9.955555555555556,240.94444444444446,3.019888888888888,0.14444444444444493
790,8.655555555555557,186.53333333333333,4.3790000000000004,0.6444444444444453
791,9.844444444444443,253.4111111111111,3.1048888888888886,0.6111111111111118
792,9.177777777777779,219.2555555555556,3.071111111111111,0.05555555555555588
793,7.722222222222222,249.98888888888885,5.020444444444445,0.37777777777777816
794,10.477777777777778,248.34444444444443,2.9082222222222223,0.20000000000000034
795,10.011111111111111,250.13333333333335,3.2176666666666667,0.05555555555555534
796,9.655555555555557,232.61111111111111,3.157111111111111,0.30000000000000127
797,6.166666666666668,181.11111111111114,3.362111111111111,0.3333333333333342
798,9.611111111111109,247.94444444444446,4.434222222222222,0.6333333333333343
799,7.744444444444446,234.9666666666667,4.154111111111111,0.6111111111111122
800,11.411111111111111,262.5111111111111,2.707111111111111,0.04444444444444578
801,6.877777777777776,223.17777777777778,2.493222222222222,1.3260997238578259e-15
802,12.71111111111111,207.59999999999997,3.8601111111111113,0.7777777777777789
803,8.966666666666667,191.6888888888889,3.7308888888888894,0.011111111111112399
804,7.966666666666667,302.18888888888887,2.6086666666666662,1.7763568394002505e-15
805,8.044444444444444,306.8777777777778,2.811222222222222,1.7763568394002505e-15
806,7.622222222222222,180.9777777777778,3.268888888888889,1.3661911108581787e-15
807,10.555555555555555,199.92222222222225,3.4792222222222224,0.4888888888888899
808,5.0,109.61111111111113,5.086,0.4888888888888899
809,8.355555555555554,214.13333333333335,3.906777777777778,1.655555555555556
810,9.766666666666666,200.22222222222226,3.0754444444444444,1.1444444444444448
811,9.3,235.18888888888887,2.8418888888888896,1.0793834961633466e-16
812,10.866666666666667,265.90000000000003,2.9065555555555553,0.011111111111111231
813,7.522222222222224,226.2111111111111,2.769111111111111,0.47777777777777897
814,8.955555555555556,255.36666666666667,2.6734444444444443,0.3888888888888897
815,8.633333333333333,182.88888888888889,2.9068888888888886,0.3222222222222231
816,6.833333333333333,167.65555555555557,1.9427777777777782,3.484866716184519e-16
817,10.444444444444445,115.36666666666666,2.318888888888889,8.264993627765054e-16
818,9.31111111111111,241.3777777777778,4.1496666666666675,0.5333333333333345
819,6.577777777777778,194.9777777777778,3.5200000000000005,9.066821367772111e-16
820,8.78888888888889,282.53333333333336,3.560777777777778,0.12222222222222381
821,6.955555555555556,183.73333333333332,2.660888888888889,8.234154099303245e-16
822,8.344444444444443,205.16666666666669,3.6134444444444447,0.055555555555556704
823,8.61111111111111,226.11111111111111,3.5432222222222225,0.23333333333333442
824,8.788888888888888,199.14444444444445,2.465,1.7763568394002505e-15
825,8.377777777777778,242.71111111111108,4.496444444444445,0.711111111111112
826,8.977777777777778,135.82222222222222,2.955888888888889,1.2119934685491292e-15
827,8.866666666666667,237.05555555555554,4.151,1.3000000000000003
828,8.61111111111111,210.16666666666666,3.962111111111111,0.777777777777778
829,10.866666666666667,222.0,3.912444444444444,0.46666666666666756
830,9.977777777777776,229.94444444444446,4.0809999999999995,1.6000000000000012
831,8.955555555555556,168.4777777777778,3.9852222222222218,0.01111111111111194
832,7.111111111111111,126.5111111111111,4.652555555555555,0.055555555555556864
833,6.877777777777778,168.1777777777778,2.595333333333334,0.2000000000000011
834,10.744444444444444,272.7555555555556,3.2547777777777775,0.05555555555555716
835,7.0,305.14444444444445,2.1515555555555554,0.05555555555555733
836,6.844444444444445,304.4555555555556,2.767,0.23333333333333472
837,9.088888888888889,243.1222222222222,2.7632222222222222,0.05555555555555699
838,7.277777777777778,261.05555555555554,2.996777777777778,0.38888888888889067
839,9.922222222222222,155.63333333333333,3.565,0.5333333333333349
840,9.033333333333333,261.9111111111111,2.687111111111111,1.5388924702443142e-15
841,9.822222222222221,224.43333333333334,2.9306666666666663,8.542549383921344e-16
842,8.033333333333335,196.3,3.257444444444445,0.533333333333334
843,7.911111111111111,177.2111111111111,2.304444444444444,1.2111111111111112
844,13.333333333333334,218.9333333333333,3.1473333333333335,0.43333333333333485
845,11.377777777777778,258.21111111111105,3.5307777777777773,1.7732728865540694e-15
846,9.877777777777778,271.5222222222222,3.754666666666667,1.606739432860296e-15
847,9.455555555555556,189.16666666666666,4.969222222222222,0.07777777777777839
848,7.688888888888889,232.76666666666668,4.176555555555556,0.6444444444444449
849,8.31111111111111,195.72222222222223,3.6735555555555552,0.6666666666666672
850,10.21111111111111,216.17777777777778,3.6169999999999995,0.5333333333333335
851,8.822222222222221,215.02222222222224,3.3368888888888883,0.1666666666666672
852,9.011111111111111,227.44444444444446,3.6585555555555564,0.177777777777778
853,8.077777777777778,221.8777777777778,2.7971111111111107,0.06666666666666847
854,8.622222222222222,215.47777777777776,3.847888888888889,0.4555555555555555
855,8.211111111111112,231.14444444444447,4.517888888888888,0.23333333333333434
856,7.98888888888889,226.57777777777775,4.357333333333333,0.9111111111111114
857,7.699999999999999,240.88888888888889,3.1744444444444446,0.022222222222222577
858,11.155555555555555,221.7555555555556,3.3631111111111114,0.23333333333333459
859,11.544444444444444,227.92222222222225,2.9629999999999996,0.6666666666666674
860,11.555555555555555,260.37777777777774,2.0781111111111112,1.3014281010883779e-15
861,7.722222222222222,203.33333333333334,2.5623333333333336,0.055555555555556926
862,10.133333333333333,208.27777777777777,4.261888888888889,0.30000000000000093
863,8.655555555555557,233.5444444444444,4.245888888888889,0.5444444444444457
864,11.211111111111112,251.47777777777776,2.367333333333333,1.7763568394002505e-15
865,11.61111111111111,261.29999999999995,3.214777777777778,1.7732728865540694e-15
866,8.233333333333333,260.6,3.2824444444444447,0.23333333333333492
867,10.38888888888889,235.46666666666664,3.688555555555555,0.4555555555555567
868,6.822222222222223,249.7111111111111,3.2902222222222224,1.2555555555555558
869,9.255555555555555,194.10000000000002,3.8813333333333326,0.22222222222222246
870,8.622222222222222,200.35555555555553,3.659444444444444,6.877214846983609e-16
871,11.11111111111111,242.52222222222224,2.3840000000000003,0.13333333333333397
872,8.166666666666666,237.9777777777778,3.2487777777777778,0.6777777777777785
873,9.911111111111111,186.2222222222222,4.326777777777778,0.1888888888888891
874,6.7333333333333325,131.34444444444446,2.971333333333333,0.04444444444444527
875,8.522222222222222,220.94444444444446,3.3583333333333334,0.5555555555555565
876,8.044444444444444,193.94444444444446,3.8527777777777774,1.6000000000000005
877,8.044444444444444,214.43333333333334,2.9663333333333335,0.5888888888888899
878,9.366666666666667,210.9666666666667,2.9351111111111106,0.06666666666666828
879,9.488888888888889,263.44444444444446,3.6498888888888885,1.0639637319324418e-15
880,8.355555555555556,260.41111111111115,3.6445555555555558,0.1333333333333347
881,9.933333333333334,243.39999999999998,3.1244444444444444,1.292176242549835e-15
882,8.811111111111112,213.22222222222226,3.1303333333333327,0.7222222222222231
883,10.31111111111111,183.11111111111111,2.702222222222222,0.5111111111111116
884,10.722222222222221,244.17777777777778,2.3761111111111113,1.7763568394002505e-15
885,7.433333333333333,222.02222222222224,3.919111111111111,1.3777777777777784
886,12.633333333333333,86.56666666666668,2.6665555555555556,1.7516852166308026e-15
887,7.966666666666667,211.64444444444445,4.020222222222222,1.1333333333333337
888,6.944444444444444,205.51111111111115,7.47411111111111,0.5555555555555559
889,8.633333333333333,203.43333333333334,4.583555555555556,0.18888888888888902
890,8.777777777777779,189.13333333333333,3.4145555555555553,0.23333333333333453
891,8.0,175.76666666666668,3.830888888888889,0.35555555555555673
892,9.366666666666667,162.9888888888889,4.706444444444445,0.15555555555555647
893,9.055555555555555,203.68888888888893,3.275555555555556,0.533333333333334
894,11.899999999999999,267.7222222222223,3.2941111111111114,1.7732728865540694e-15
895,8.488888888888889,206.74444444444447,3.6737777777777776,0.28888888888888964
896,8.211111111111112,270.6333333333333,2.7045555555555554,1.7763568394002505e-15
897,8.633333333333333,175.43333333333334,4.114222222222222,0.6555555555555563
898,9.155555555555555,204.24444444444447,2.657,1.1333333333333349
899,9.355555555555556,249.60000000000002,3.0737777777777775,0.06666666666666797
900,12.91111111111111,230.33333333333334,2.020888888888889,1.7763568394002505e-15
901,7.555555555555555,239.83333333333334,2.1084444444444443,1.5358085173981333e-15
902,11.566666666666668,175.2888888888889,3.4418888888888883,0.011111111111111927
903,9.288888888888888,222.65555555555554,3.621888888888888,0.5666666666666678
904,11.933333333333334,232.86666666666665,3.147666666666667,1.7763568394002505e-15
905,8.688888888888888,279.6111111111111,2.6317777777777773,1.7763568394002505e-15
906,9.155555555555557,212.1111111111111,3.586555555555556,0.12222222222222398
907,10.000000000000002,181.9111111111111,3.6535555555555552,0.23333333333333448
908,6.822222222222222,165.50000000000003,2.896555555555555,0.055555555555557135
909,7.866666666666668,216.82222222222222,2.561555555555555,0.07777777777777957
910,6.388888888888889,163.04444444444442,3.0677777777777777,0.2666666666666683
911,9.622222222222224,154.7888888888889,3.2672222222222222,0.32222222222222385
912,7.377777777777778,271.6111111111111,2.3922222222222222,0.08888888888889045
913,10.255555555555555,204.89999999999998,3.096555555555555,1.070131637624804e-15
914,9.466666666666667,241.0333333333333,4.525888888888888,1.1555555555555563
915,9.466666666666667,263.64444444444445,3.0311111111111106,0.5222222222222231
916,8.1,326.82222222222225,2.3217777777777777,1.7763568394002505e-15
917,8.88888888888889,197.35555555555553,4.069666666666667,0.11111111111111163
918,7.088888888888888,228.7555555555556,2.960888888888889,0.7333333333333341
919,10.166666666666666,178.33333333333331,2.574222222222222,0.022222222222223507
920,7.444444444444445,318.52222222222224,2.118111111111111,1.7763568394002505e-15
921,10.133333333333333,202.9888888888889,3.024111111111111,0.02222222222222352
922,8.333333333333332,189.45555555555558,3.616777777777778,1.1318106945484235e-15
923,9.088888888888889,228.13333333333333,3.342111111111111,0.7000000000000008
924,7.8999999999999995,274.3222222222222,2.572666666666667,0.06666666666666846
925,8.822222222222223,159.97777777777776,3.247222222222222,0.04444444444444583
926,8.444444444444443,145.14444444444445,2.839444444444444,1.4432899320127035e-15
927,7.711111111111112,220.2555555555556,4.815777777777779,0.24444444444444505
928,9.166666666666666,211.02222222222224,4.437888888888889,1.8195321792467843e-16
929,8.577777777777778,148.11111111111111,2.387,0.23333333333333428
930,9.344444444444445,183.57777777777778,3.3418888888888887,0.9222222222222235
931,7.3999999999999995,205.87777777777782,2.481,0.31111111111111245
932,7.199999999999999,176.0444444444444,3.1569999999999996,0.01111111111111242
933,6.933333333333334,220.46666666666664,2.459888888888889,0.022222222222224017
934,7.333333333333333,134.32222222222222,3.2576666666666667,0.5333333333333345
935,10.155555555555557,271.55555555555554,2.932444444444444,1.7763568394002505e-15
936,8.455555555555556,267.18888888888887,4.345,0.24444444444444516
937,9.622222222222222,258.6,2.833222222222222,0.1777777777777789
938,6.033333333333333,167.3777777777778,3.0153333333333325,0.2111111111111123
939,7.800000000000001,210.85555555555555,3.8174444444444444,1.304512053934559e-15
940,8.5,244.5333333333333,3.416333333333333,0.04444444444444552
941,9.744444444444445,199.65555555555554,5.162000000000001,1.4340380734741605e-15
942,8.133333333333333,179.93333333333337,3.901777777777778,0.4888888888888899
943,8.255555555555555,219.53333333333336,3.347666666666667,1.3222222222222229
944,14.47777777777778,215.79999999999998,3.284777777777778,1.7763568394002505e-15
945,9.78888888888889,303.8444444444444,3.834444444444445,1.7886926507849744e-15
946,7.566666666666666,189.74444444444444,3.605111111111111,0.6444444444444456
947,10.266666666666666,249.44444444444446,3.4741111111111107,1.289092289703654e-15
948,9.100000000000001,270.2777777777778,3.114555555555556,9.77613052239374e-16
949,6.055555555555555,151.22222222222223,3.439888888888889,0.011111111111111842
950,9.988888888888887,211.1888888888889,2.6462222222222227,1.1444444444444444
951,12.588888888888889,239.7555555555556,3.0585555555555555,0.6111111111111113
952,10.455555555555556,190.77777777777777,3.2706666666666666,0.1222222222222235
953,8.377777777777778,238.96666666666664,5.101888888888889,0.43333333333333374
954,10.233333333333333,223.22222222222223,3.6672222222222226,0.055555555555555865
955,13.133333333333333,181.73333333333332,2.8474444444444442,0.3000000000000005
956,9.133333333333333,246.6777777777778,2.8464444444444443,0.3444444444444459
957,10.855555555555554,236.59999999999997,3.360666666666667,0.3555555555555559
958,9.511111111111113,186.7888888888889,2.5504444444444445,0.07777777777777888
959,7.2666666666666675,271.7444444444444,2.131666666666667,0.26666666666666844
960,10.0,229.98888888888885,2.6081111111111115,0.3555555555555572
961,9.3,258.40000000000003,2.8921111111111113,0.17777777777777864
962,10.144444444444442,192.1111111111111,2.815444444444444,0.5333333333333343
963,8.766666666666667,205.2888888888889,4.060888888888889,0.03333333333333439
964,11.244444444444444,180.6777777777778,2.035777777777778,1.7763568394002505e-15
965,8.733333333333334,290.20000000000005,2.9377777777777783,0.38888888888889067
966,10.111111111111109,216.9333333333333,3.1597777777777782,1.606739432860296e-15
967,10.6,205.38888888888889,5.3005555555555555,0.21111111111111183
968,7.1111111111111125,180.38888888888889,4.567555555555555,7.679042586990666e-16
969,7.58888888888889,128.86666666666667,3.3706666666666667,0.011111111111112033
970,7.188888888888887,177.70000000000002,3.8375555555555554,0.7555555555555564
971,9.233333333333333,256.4222222222222,4.008222222222222,0.6444444444444453
972,10.900000000000002,236.11111111111111,3.3352222222222223,0.5333333333333338
973,9.155555555555557,209.3111111111111,2.874111111111111,0.555555555555556
974,7.955555555555557,210.13333333333333,3.174888888888889,0.14444444444444543
975,8.066666666666666,200.7777777777778,2.876222222222222,0.23333333333333467
976,8.433333333333334,235.56666666666666,3.037777777777778,6.507140505441889e-16
977,7.533333333333333,231.0,3.5855555555555565,1.0000000000000013
978,9.766666666666667,255.4888888888889,2.9975555555555555,0.45555555555555594
979,10.211111111111112,253.73333333333332,3.5142222222222212,5.828670879282072e-16
980,8.61111111111111,249.11111111111111,3.410888888888889,0.044444444444445515
981,9.733333333333334,214.07777777777775,2.512888888888889,1.7640210280155265e-15
982,6.7666666666666675,228.57777777777775,3.2758888888888884,0.12222222222222384
983,10.511111111111111,242.31111111111113,3.1278888888888883,1.5555555555555558
984,10.577777777777776,228.4111111111111,2.617333333333333,1.7763568394002505e-15
985,9.622222222222222,257.1,2.907666666666666,0.23333333333333492
986,6.744444444444444,231.6222222222222,2.384666666666667,1.8102803207082415e-15
987,8.600000000000001,227.86666666666667,5.233,0.044444444444445126
988,6.5777777777777775,197.04444444444448,8.585777777777777,3.7007434154171886e-16
989,7.866666666666666,180.85555555555555,2.8184444444444443,0.12222222222222258
990,11.211111111111112,252.15555555555557,3.403777777777778,1.3222222222222222
991,8.999999999999998,220.75555555555556,2.851111111111111,0.17777777777777806
992,11.722222222222221,207.32222222222222,2.030444444444444,-1.2335811384723962e-16
993,7.544444444444445,209.43333333333337,4.596444444444446,0.3333333333333342
994,8.233333333333334,170.97777777777776,3.284333333333333,0.17777777777777887
995,9.244444444444444,140.72222222222226,3.4395555555555557,1.298344148242197e-15
996,10.055555555555555,241.41111111111115,3.091666666666667,0.8333333333333344
997,9.299999999999999,236.84444444444443,3.478555555555556,0.22222222222222232
998,6.522222222222222,113.88888888888891,2.6174444444444442,0.011111111111111014
999,6.633333333333333,219.58888888888887,3.255777777777778,0.4888888888888898
