,t2m,wind_direction,wind_speed,tp
50,7.838529999999992,337.5225686839025,2.687791051258639,0.022375107
51,8.21980000000002,327.5285481377865,3.221663517220197,0.029584885
52,7.568720000000042,343.0462704178198,3.630511828970439,0.022127151
53,7.541800000000023,340.93262152208666,2.792707103567857,0.115356445
54,7.690420000000017,346.9309422433444,2.9392666169079678,0.06513691
55,7.567380000000014,352.5104480252488,3.2934939607036733,0.056435585
56,7.738370000000032,339.691088337252,3.111051218328191,0.05693245
57,7.382929999999988,349.7941140067876,3.2351565529163504,0.04997158
58,7.792470000000037,339.30415346656156,3.1745132431947307,0.04450226
59,8.08462000000003,332.97162559086286,3.0405929361367794,0.011187553000000001
60,7.710080000000005,342.52304285145647,2.885340329793373,0.015911102
61,7.755300000000034,340.5150454191128,2.7480685199254657,0.08030224
62,7.786550000000034,338.1764761548548,3.042862699176539,0.064391136
63,7.913100000000043,352.4223420222874,3.767767977616475,0.058423996
64,7.906920000000014,331.53414501381985,3.086384869074207,0.02709961
65,8.20822000000004,343.4169550372501,3.4299488077840796,0.032071114
66,7.446200000000033,346.5609668247999,2.871488449991619,0.025110245
67,7.673729999999978,351.6935473719407,3.3150922912945027,0.115356445
68,7.295130000000029,348.35276110899076,3.315966933688611,0.055191994
69,7.843380000000025,348.6711326554928,3.0337913658694333,0.07309246
70,7.95052000000004,346.6813508470967,2.835808570248495,0.011436462
71,8.348000000000013,346.8627860498811,3.351864451301063,0.04425335
72,7.582179999999994,340.37347596637983,3.42684206219799,0.018397331
73,7.145440000000008,350.55343969991065,3.2008828126622957,0.018149376000000002
74,7.7757799999999975,342.21194672520176,2.9014529340715662,0.0047235490000000005
75,7.514060000000029,343.83586156237357,2.933797535790943,0.056186676
76,7.638450000000034,335.8935160822147,2.6209939203864345,0.08626938
77,8.39590000000004,340.3770050392787,3.3506796690719645,0.06016445
78,7.713860000000011,336.3928641863062,3.277248553217209,0.014917373999999999
79,7.738370000000032,347.58047700578726,3.315942803087244,0.023867607000000002
80,7.489280000000008,344.19317403195566,3.473864272300929,0.019143105
81,7.620420000000024,334.97448449677546,2.949578307611473,0.03505516
82,7.4273600000000215,337.16151171253955,2.888828883836718,0.02312088
83,8.008700000000033,347.1231021506651,3.0692986896958234,0.01864624
84,7.777120000000025,335.86927069479464,2.692534500567794,0.050717354000000006
85,7.91366000000005,347.52196758802063,2.99609192781381,0.023867607000000002
86,7.794370000000015,347.24640977788164,2.893958118309945,0.040524483
87,7.923330000000021,343.2748755159415,3.3955137778931137,0.021878242000000003
88,7.559000000000026,349.4382996132001,3.133456733768113,0.05195999
89,7.888599999999997,346.8628872903092,3.2920141603454036,0.076075554
90,8.03726000000006,344.26985334343794,3.428950106436189,0.02461338
91,7.547720000000027,346.6895845594623,3.0781437607267437,0.050717354000000006
92,7.383450000000039,342.3103799808027,2.76375109871458,0.06389427
93,8.241360000000043,345.16164845977437,3.1892334620990446,0.032071114
94,7.347100000000012,342.9975801710613,3.030737856450459,0.04201603
95,8.309470000000033,330.3365219846974,3.049441357607508,0.050717354000000006
96,8.276880000000006,342.91075123056453,3.184145438601322,0.015663147
97,7.535850000000039,336.0201808013687,3.157558607140007,0.0395298
98,7.8856400000000235,344.61270617763535,3.189686952558087,0.07035732
99,7.988520000000051,339.1243354974488,3.0450362357352994,0.022127151
100,13.332400000000007,5.0292170592920264,2.8173717292513474,0.064391136
101,12.618600000000015,5.451753737037033,3.1624389249784937,0.29187155
102,12.60214000000002,13.08454524994912,2.8561387359988024,0.20709467
103,12.01513,14.378791112756339,2.8610086642867074,0.6337142
104,12.590840000000014,0.33835344287967456,2.9184005873202556,0.35452223
105,12.486100000000022,10.043592088700567,3.053968796699547,0.194664
106,12.18398000000002,9.203178610097591,2.712466817191578,0.22424889
107,12.628800000000012,32.67778898790603,3.113791458240105,0.24413776
108,12.063900000000046,23.25237503701551,2.839899906228281,0.057678223
109,12.550700000000006,4.137231247401285,2.7886944232452935,0.13176537
110,12.075460000000021,9.790485020475806,2.552141401490224,0.1969018
111,12.32937000000004,10.6302997105459,2.671956090052675,0.3793831
112,12.609160000000031,352.9110544183406,2.8986783740717845,0.28963423
113,12.992060000000038,24.77380598242897,3.519898243660503,0.27073956
114,12.705560000000048,5.596969499643585,2.8984250677066368,0.16408491
115,11.838250000000016,3.6718979688635067,3.1490211693903767,0.15289736
116,12.095120000000065,350.16723722795814,2.6010052039631124,0.2138071
117,11.885100000000023,12.569815915058674,2.648875241967603,0.40026665
118,12.401820000000043,357.816326284459,2.430149739868492,0.39529467
119,12.487450000000024,11.993027995496114,3.0131191742944274,0.21181822
120,12.951380000000029,8.062434282394285,2.9812806966371346,0.13027382
121,12.423640000000034,6.468955802642262,2.7208080597935136,0.25632
122,12.39427999999998,17.40096086227269,2.6776718112456206,0.24214888
123,12.168360000000007,6.281658256143461,2.194346785486198,0.24960756
124,13.398920000000032,8.534737274988654,2.70414946804322,0.053700447000000005
125,12.548580000000015,357.1960331255984,2.740508465997607,0.27397156
126,12.614280000000008,13.516586214580162,2.6472756441052443,0.5168662
127,12.933900000000051,359.33134991722414,2.9545244894530955,0.34109688
128,12.600270000000023,347.590134160088,2.671080014518156,0.44775200000000004
129,13.71505000000002,7.864839488766356,3.1048344468507487,0.030330657999999996
130,12.911000000000001,1.3438734368363352,2.5848417769694745,0.26228666
131,12.451900000000023,3.3893348346128884,2.344225001039561,0.16632223
132,11.977170000000058,359.2626355237752,2.890702779308042,0.17775822
133,12.843960000000038,3.8340387031898326,2.3144900144588694,0.12281513
134,11.854670000000056,12.38480062513886,2.2055873630659213,0.33736753
135,12.635000000000048,359.98368234113116,2.4484634992965293,0.22052002
136,12.370570000000043,13.453398205376411,2.4839985296154925,0.20933199
137,12.646839999999997,1.2201215345233742,2.538693705345,0.22524357
138,12.575770000000034,14.412517294767186,3.1259008275208684,0.3351302
139,12.334500000000048,8.860091421285484,2.7646392691872625,0.29013157
140,12.46508,2.475388709362538,3.201456087408397,0.18919468
141,12.008420000000058,2.0760639779739423,2.5131360849859874,0.20013332
142,12.350639999999999,351.7342757667384,2.5718056960429703,0.30778265
143,12.71768000000003,4.297471618279085,3.229719044810223,0.28043556
144,12.115049999999997,20.171297547996005,2.742435990109368,0.332644
145,12.49203,7.932086305611204,2.5415197030785333,0.33637333
146,12.886500000000012,9.859419063360011,2.3427956976951196,0.22350311
147,12.580870000000061,358.43819715105496,2.3400177995012923,0.30977154
148,12.507900000000006,7.763224971909523,2.5917103871181637,0.39255953
149,12.626920000000041,10.878717262263157,3.107065938737388,0.16756535
150,13.125050000000044,48.96108933483968,2.861658238237082,0.11461067
151,12.86685,25.02418632886031,2.85937446550505,0.46639776
152,12.986140000000034,31.18762476828093,2.465230683493202,0.37590265
153,12.195550000000026,25.87910392141931,3.2010129030614745,0.7709484000000001
154,12.88137000000006,40.57982948777447,2.3493708415172794,0.5104022
155,12.767200000000003,33.72701272676811,3.5967769434561387,0.27272844
156,12.823750000000018,30.988559038994048,2.261805511952858,0.28839109999999996
157,12.797360000000026,41.968025448018665,2.9373330990626787,0.35402490000000003
158,12.089750000000038,34.2345586194388,2.481766134158642,0.061408042999999995
159,12.644949999999994,30.936551552018532,2.648600540602535,0.20510578
160,12.608100000000036,40.00973928342664,2.0815103728908033,0.2829218
161,12.890530000000012,28.689913374436465,2.289018522331414,0.46938086
162,12.819729999999993,37.64349348255232,2.751615643827206,0.48131466
163,13.186730000000011,33.36837977131719,2.6033602429398988,0.32021332
164,13.198050000000023,26.514127585220514,2.3163136800100026,0.31847334
165,12.257229999999993,46.11769260114629,2.59527126314964,0.2138071
166,12.930660000000046,41.814631170937545,2.0624218481813315,0.29286623
167,12.639860000000056,32.7293418179517,2.5944816521349097,0.43954754
168,13.054250000000025,35.350674242304315,2.786715549421169,0.46067953
169,12.760739999999998,32.991863262996674,3.5287850873227815,0.33463287
170,12.73275000000001,43.69314098132553,2.8010332976488743,0.21480179
171,13.0591,29.19056600543375,2.2360590466717487,0.29038
172,13.023000000000025,40.85294210113575,2.463180143099942,0.32841778
173,12.489070000000027,31.02083956549251,2.8471589096746674,0.4296031
174,12.876520000000028,30.939323068245237,2.5163511376459233,0.060910225
175,13.055050000000051,39.031443426668396,1.7503049199532348,0.39653778
176,12.868740000000003,28.729659483005353,2.970593634165106,0.6821933000000001
177,13.137720000000058,12.238026391919798,2.5216623021514324,0.46067953
178,12.765600000000006,28.612327678748663,2.8667310035484284,0.65012264
179,12.192860000000053,49.53388975821905,2.9738985524292736,0.030330657999999996
180,13.177850000000035,24.857978704654357,2.2591294557876274,0.31524134
181,12.94467000000003,42.358549876819346,2.6185169770193393,0.18720579
182,12.61993000000001,37.650553297648074,2.7291595779517053,0.22772932
183,13.224700000000041,42.734301469588395,1.5938648120303838,0.17154312
184,12.596500000000049,39.61249494216877,2.2646264151897837,0.37838888
185,13.075800000000015,38.86966397060845,2.307749790366473,0.32692623
186,12.8784,39.13408431442413,2.390270981077941,0.31449556
187,13.19292999999999,23.579052253415203,2.0206812171318105,0.3328929
188,13.271299999999997,23.375715441460432,2.7922569276034643,0.48603820000000003
189,12.884329999999977,24.572216817732876,2.7707804026460794,0.38137197
190,12.793330000000026,35.4129994062536,2.4412282456303447,0.26029778
191,12.367880000000014,33.867520318310724,2.0638293899003015,0.29758978
192,12.618040000000008,25.062737671473794,2.545342866642278,0.40101242
193,13.105680000000007,24.600232307717008,3.0981916591284437,0.40996265
194,12.725500000000011,27.441887636724854,2.753084983919127,0.55664396
195,12.980740000000026,39.54760469649129,1.7469797586631048,0.50443554
196,13.33400000000006,21.486615872534944,2.1731038594449203,0.3786373
197,12.865499999999997,38.68034093413115,2.2685892377079195,0.43706130000000004
198,12.578180000000032,18.920417592876547,3.5286963231156347,0.5822510999999999
199,13.026499999999999,24.5993208060216,1.818309689770167,0.28416443
200,7.649220000000014,58.452567041773605,2.5555023518414006,0.11461067
201,7.403099999999995,47.48612131816833,2.6904033753554453,0.46639776
202,6.741780000000006,64.60076008012557,2.436192358619953,0.37590265
203,6.7929600000000505,52.07898629061882,2.1546970568937436,0.7709484000000001
204,7.630899999999997,52.79466576979104,2.0896723315027668,0.5104022
205,6.642179999999996,50.727991784066795,2.685158684184456,0.27272844
206,8.649560000000008,48.34404604626445,2.4215530460304358,0.28839109999999996
207,6.9424000000000206,71.63720982061709,2.9557648685772318,0.35402490000000003
208,6.737480000000005,62.63298143263043,2.3298665236192138,0.061408042999999995
209,6.783529999999985,47.739674440780696,2.5367832052136596,0.20510578
210,6.732630000000029,51.73371720488398,2.2073144678479233,0.2829218
211,6.978750000000048,53.223680818269635,2.27520367456713,0.46938086
212,6.680929999999989,60.21320089999623,2.4211745435868517,0.48131466
213,7.106929999999977,60.224972547963326,2.4251323781425898,0.32021332
214,7.751000000000033,53.04676471044447,2.27466768616306,0.31847334
215,9.738760000000013,49.68155939620055,2.326310649223104,0.2138071
216,6.937000000000012,53.89534458353094,2.059614036965902,0.29286623
217,6.8678200000000516,64.49068999434151,2.1952113822528916,0.43954754
218,7.0563000000000216,59.01098840318068,2.3103346677575742,0.46067953
219,6.466330000000028,47.44706511188807,2.3232640642076183,0.33463287
220,6.454770000000053,61.090239861070145,2.0746893450907895,0.21480179
221,7.948100000000011,53.84035248997394,2.8717076188826205,0.29187155
222,9.285030000000006,47.82215690057606,3.1509254891876215,0.32841778
223,7.205200000000048,50.35765430407682,2.6381473789052996,0.4296031
224,7.2884200000000305,44.359658167952745,2.4760162643559775,0.060910225
225,7.602900000000034,45.99771271235946,1.811477461634497,0.39653778
226,7.566280000000006,50.39480132177831,2.8035971842978387,0.6859225999999999
227,7.810000000000002,49.918578213839275,2.7636828987432147,0.46067953
228,7.242360000000019,53.864856828134656,2.3189162726200894,0.65012264
229,9.384670000000028,59.53981248845973,2.529124924942262,0.030330657999999996
230,7.308070000000043,52.09358571409135,2.4225223196290266,0.31524134
231,7.4273600000000215,52.641669827957735,2.7032304232568944,0.18720579
232,6.829029999999989,57.37485921161406,2.3449663905124973,0.22772932
233,8.585470000000043,52.380228858945095,1.8182849243350723,0.17154312
234,9.435820000000035,50.23056343521049,2.486163114794007,0.37838888
235,8.231380000000001,52.450846468326645,2.6093688673252484,0.33935642
236,8.427670000000035,59.82651409093153,2.788601647796838,0.31449556
237,7.264430000000004,48.98361628077755,2.074725064339707,0.3328929
238,6.796199999999999,47.41997833193248,3.0472353067401308,0.48603820000000003
239,7.763939999999991,48.801767788399744,2.957554626166497,0.38137197
240,7.435970000000054,46.14376309960509,2.509764066116622,0.26029778
241,10.254400000000032,47.024848999679804,2.490140587406512,0.29758978
242,7.740229999999997,41.913903052016494,2.2528103061974325,0.40101242
243,7.6107000000000085,51.51958984176119,2.5198180906127825,0.41866398
244,7.737820000000056,45.38594754955468,2.3266064867746117,0.55664396
245,9.820600000000013,57.78864099004511,2.1559842071040176,0.50443554
246,7.443780000000004,60.60334326917827,2.1756939075352717,0.3786373
247,8.218470000000025,47.95632790363076,2.0883169651816385,0.43706130000000004
248,7.26284000000004,49.96316453132533,2.5711650991547472,0.5822510999999999
249,7.109900000000039,59.36901269645729,2.2033128406818245,0.28416443
250,7.649500000000046,74.96378247682678,2.8223191796421596,0.11461067
251,7.546900000000051,75.4293897627204,3.306743039827328,0.46639776
252,6.8110000000000355,76.16144966779412,3.6138060984769367,0.37590265
253,7.298100000000034,78.16865057192958,3.269859718473937,0.7709484000000001
254,7.6745200000000295,76.00725959614938,3.1030706679980504,0.5104022
255,6.829860000000053,70.49709161993394,3.06059365157929,0.27272844
256,7.65782999999999,70.30114890745864,3.0561604484537033,0.28839109999999996
257,6.794820000000016,70.19483297557657,2.967157735579516,0.35402490000000003
258,6.775720000000035,70.07026274866499,3.207060562922353,0.061408042999999995
259,6.739100000000008,70.06612764107852,3.0395631503882528,0.20510578
260,7.641700000000014,73.8713370799163,3.0613607280120556,0.2829218
261,7.298900000000003,65.58696238568578,2.817323962059003,0.46938086
262,7.391260000000045,81.89322964959517,3.235446311026107,0.48131466
263,7.792200000000037,92.67409342930745,3.4450985633656606,0.32021332
264,7.654629999999997,66.92184764708877,3.393174551354071,0.31847334
265,7.9220000000000255,83.73535784464201,3.1500389064166443,0.2138071
266,7.534780000000012,77.21888706960726,2.9315304864487493,0.29286623
267,7.0657300000000305,74.8871044065714,2.9094067147412694,0.43954754
268,7.335260000000005,74.07712937301353,3.5212140738142956,0.46067953
269,7.061939999999993,73.60726659204684,3.596845582019056,0.33463287
270,6.926230000000032,78.13265174890306,3.1821107599809846,0.21480179
271,7.5388000000000375,72.48761287973329,3.3331015679210454,0.29187155
272,7.5837999999999965,78.00303859426484,3.4983842193993415,0.32841778
273,7.259060000000034,73.85626122603892,3.527450327179863,0.4296031
274,7.194180000000017,72.48274908111357,3.0996586239665267,0.060910225
275,7.905850000000044,71.2347072633203,2.481514646070664,0.39653778
276,7.772550000000024,79.10331655077943,2.871605024148453,0.6859225999999999
277,7.669700000000034,68.90104786996415,3.020909408553398,0.46067953
278,7.439999999999998,78.41967275482932,3.4182282585523764,0.65012264
279,8.032399999999996,82.54679666363116,3.2980622706747136,0.030330657999999996
280,7.389920000000018,77.10631700077654,3.190049129939719,0.31524134
281,7.380240000000015,67.38229768758514,3.1902245791956227,0.18720579
282,6.80346000000003,79.46885920971565,3.079188527168195,0.22772932
283,9.509600000000034,57.99315273749072,2.3537467794795703,0.17154312
284,8.355800000000045,69.2002855746503,2.816208713573886,0.37838888
285,7.8175299999999766,67.69762345344178,3.09887360625373,0.33935642
286,7.208700000000022,66.5594629151989,3.0575923665665523,0.3137493
287,7.529929999999979,71.42295372198699,2.707962359931794,0.3328929
288,6.362120000000061,69.02081007374223,2.9840162698346617,0.48603820000000003
289,7.198750000000018,72.30897965547449,2.913250691790779,0.38137197
290,7.5902600000000575,75.68611097377179,2.847054344495289,0.26029778
291,9.982970000000023,67.57542432925592,2.865003726645621,0.29758978
292,7.56844000000001,64.7047147136996,2.7353152860747154,0.40101242
293,7.35223000000002,64.65017671135635,3.3137388749021564,0.41866398
294,8.114800000000002,78.1374707558616,3.127086207205999,0.55664396
295,9.839470000000063,56.9640054285904,2.999628735131608,0.5260649000000001
296,7.399620000000027,66.17658583477787,2.411640607397748,0.3786373
297,8.168900000000008,80.72826323440856,2.8889524587066266,0.43706130000000004
298,7.434630000000027,70.73226535609038,3.061434240495433,0.5822510999999999
299,7.620420000000024,84.67732851295577,3.0967105995745943,0.28416443
300,16.528620000000046,100.71878022799024,2.9842912523432354,0.14170933
301,15.89828,81.97340209152154,3.8776701581405826,0.4698782
302,16.940600000000018,77.51696884089442,4.265363206729263,0.37590265
303,16.287350000000004,91.94347364129622,3.2140890356704688,0.7709484000000001
304,16.62099999999998,99.1559984506991,3.666902491205111,0.51413155
305,16.147879999999986,71.93540504018321,3.6350994378652586,0.27272844
306,16.08593000000002,79.8073697955608,4.502477702326098,0.28863955
307,16.46264000000002,97.74305428057788,3.6850004589942538,0.35551643
308,15.064870000000042,87.9597088898022,3.38473509290648,0.061408042999999995
309,16.121200000000044,75.28056544651176,4.481308263075621,0.20560312
310,15.49517000000003,85.86974110603923,3.5218995789420005,0.3192191
311,16.071950000000015,83.28739312211081,3.884240244554901,0.46938086
312,16.585720000000038,93.89721667899093,3.351594989544164,0.48131466
313,15.926260000000013,99.46270458713977,4.342900905469533,0.32021332
314,16.522700000000043,81.95302593393099,4.039236296573535,0.33861065
315,16.735160000000008,109.6897851772449,3.645363303179709,0.2138071
316,16.685050000000047,85.68708349352586,3.276594242161552,0.29286623
317,16.24078000000003,90.42103420086384,4.454275663718155,0.44998932
318,16.13522000000006,94.36436827118136,3.737326737370256,0.47360754
319,16.936579999999992,84.60776894475218,3.835843597520479,0.33463287
320,16.09805,76.8447752555859,3.9339549588515434,0.21480179
321,15.868100000000027,76.64423234628829,4.399264724163466,0.29659509999999994
322,16.258260000000007,91.37245503093067,3.369146540644228,0.32841778
323,16.53805,88.52969715916265,3.642193961203885,0.4296031
324,15.75018,73.42347835399167,4.389882959284507,0.060910225
325,16.88647000000003,95.95750375997659,3.311135142586115,0.64067507
326,16.486870000000067,92.12665091944321,3.8053193480016083,0.7078004
327,17.002250000000004,81.52799110010366,4.095386337215102,0.46664620000000007
328,16.760199999999998,90.9707681344132,3.997636484317949,0.65012264
329,15.190879999999993,96.40505935318903,2.9818937652463466,0.030082703
330,15.933530000000019,88.90754938815748,3.8778508655900215,0.31449556
331,15.623350000000016,81.80441343707085,4.343050644488488,0.18720579
332,16.23995000000002,68.66619001010868,4.859511719042254,0.27819777
333,16.26393999999999,93.5559048218915,3.2681640104579115,0.3231969
334,15.602350000000001,74.3180485883595,3.8158537540983217,0.38435555
335,16.59835000000004,81.05552807375318,4.140756330152062,0.36844444
336,15.916830000000004,83.41517229341173,3.8547042406299656,0.31897020000000004
337,16.971580000000017,76.45301270477545,4.218660648549056,0.35576487
338,14.854300000000023,62.05289242525094,4.27208834626357,0.48603820000000003
339,15.578360000000032,88.35483118046342,3.682538469805013,0.38137197
340,15.669640000000015,84.4294721004306,3.4275949421757534,0.270988
341,15.186300000000017,93.86278775774184,3.741553902314727,0.31797600000000004
342,16.160000000000025,80.01138401164384,3.6947576667197897,0.48305464
343,15.616330000000005,69.78622285461628,4.390598722791929,0.41866398
344,15.75690000000003,73.69319869863732,4.174438440483132,0.5571413000000001
345,16.246420000000057,88.23261358858251,3.80771201274839,0.6337142
346,16.775000000000034,71.35634795849687,3.358539951195275,0.37913465
347,15.962879999999984,81.39809151240472,4.000435500502852,0.44054222
348,16.3956,80.90041835390274,4.426935655484561,0.58647776
349,16.668360000000007,87.44021719732534,3.2819578524249704,0.29584932
350,14.654000000000053,79.75646759406249,1.3080160586143004,0.16159868
351,14.623560000000055,66.99065526863508,1.9966078994683858,0.4698782
352,15.036339999999996,64.30432794044087,2.70677931260883,0.38460398
353,15.033380000000022,50.96235905733247,1.4846317272456795,0.77318573
354,15.103940000000023,65.20065820614411,2.7419096054217778,0.51413155
355,14.404899999999998,51.41901369976615,2.288225219654853,0.27272844
356,14.245229999999992,60.988947507636354,3.0570786694633325,0.28863955
357,14.862940000000037,55.545908066195054,1.508380107613545,0.35700798
358,13.629140000000007,84.23460024232698,2.3377380212656957,0.061408042999999995
359,13.76943,82.069647268725,3.3109878919654796,0.21877956
360,14.40115000000003,69.26062157797509,1.6711533807868484,0.3361249
361,14.290999999999997,69.59639900320087,2.25937212610582,0.47236443
362,14.756040000000041,66.35981271666131,3.402162932321972,0.48131466
363,13.922630000000026,84.7933058395779,2.19905955348512,0.32021332
364,14.795070000000067,70.61228678780083,2.467771796912691,0.3413453
365,14.991100000000017,61.50618604529371,1.5181308812730607,0.2138071
366,14.86318,59.320587746979996,2.3127611769227383,0.29286623
367,14.429680000000019,75.68564408172524,2.061380400566116,0.46117687
368,15.178520000000049,53.73798481711121,2.1195508699176675,0.48206043
369,15.104179999999985,58.70306033943785,2.8895063580914595,0.33463287
370,14.977379999999982,46.75607916559423,2.916277130215263,0.21480179
371,14.34110000000004,59.48961435274182,2.7703410184708113,0.30082178
372,14.406240000000025,58.875986467774496,2.215801462994408,0.32841778
373,14.801260000000013,66.02213833681046,2.63513000760431,0.4296031
374,14.21804000000003,62.0748876377547,2.5983658366522464,0.060910225
375,14.934000000000026,85.87168977307252,1.809473780440123,0.73937464
376,14.356700000000046,70.18900621754918,3.190534791569647,0.73067284
377,15.16692999999998,70.32150200368753,3.1846569725098823,0.47087288
378,14.55355000000003,59.04797470497858,3.4525248853062203,0.65012264
379,12.95677999999998,70.3139129773111,2.272878027211871,0.030082703
380,14.073970000000031,67.5270485059767,2.3068937028273804,0.31499243
381,14.140220000000056,74.47730885472102,2.179506498082594,0.18720579
382,14.418900000000008,55.048376800218016,2.247244757791516,0.29038
383,14.728300000000047,62.03247696061763,2.3934607575196822,0.348804
384,14.590700000000027,81.68616381110411,2.172794110448629,0.40449333
385,14.42455000000001,79.13475303773187,2.7666401244270005,0.3764
386,14.566460000000006,70.10703682825907,2.7636337352593983,0.33910799999999997
387,14.61196000000001,79.40188271397177,2.7150062236866925,0.36471509999999996
388,13.948480000000018,58.14151155599969,2.341092098497011,0.48603820000000003
389,13.93907999999999,57.60215675900296,1.9882536721073094,0.38211823
390,15.114950000000022,73.17532533416009,1.8518676116040511,0.2786951
391,14.56110000000001,50.91568142986337,1.4585936644465518,0.32046223
392,14.442070000000058,75.48423610219609,2.4166644311447922,0.5402355
393,14.12673000000001,63.265591222094116,2.6634674694451106,0.41866398
394,14.625970000000052,78.25355102146837,1.730221949381129,0.5593786000000001
395,14.284270000000049,74.72141076731256,2.0304000457053015,0.6849284000000001
396,14.958520000000021,57.736553612867155,3.007526345033001,0.38385820000000004
397,14.026850000000024,66.74712482534527,2.864029506463327,0.44054222
398,14.91787000000005,76.73219921795335,2.144768247653368,0.58647776
399,14.09093999999999,73.99525930702617,3.1961989304054987,0.29584932
400,8.97670000000005,160.93378900992332,1.4505777007624074,0.16159868
401,11.27520000000004,86.02604757553003,2.887610799366286,0.4698782
402,11.379940000000033,88.113611408841,3.0084591917015753,0.38460398
403,9.968160000000012,90.93324426574078,1.9582568619016791,0.77318573
404,8.729550000000017,107.48733159686847,2.713404803481865,0.51413155
405,10.572400000000016,79.15405877586133,1.4310464290821594,0.27272844
406,9.932600000000036,78.31704019243519,2.4383884029115155,0.28689957
407,9.171700000000044,87.75909864569871,1.7446336943951057,0.35700798
408,8.681879999999978,103.22399158095504,2.0289285943823896,0.061408042999999995
409,8.831600000000037,105.539518255492,2.4194778262289494,0.22201157
410,11.169640000000015,96.98635505211763,1.946190479015283,0.33438444
411,10.300160000000005,94.82706975976835,3.1478365027553985,0.47236443
412,9.50207000000006,117.35245713140696,2.710800815862584,0.48131466
413,8.439000000000021,112.5707362819305,2.091625261223053,0.32021332
414,8.990720000000067,103.34982405334355,2.863421574862811,0.34333467
415,10.696000000000026,143.03956170293895,1.5411156641862707,0.21405602
416,11.680720000000065,100.54944468103947,2.909025145613028,0.29286623
417,10.73720000000003,95.50895400792945,2.1898534783109214,0.46117687
418,10.478170000000034,107.27717440263785,1.5557302030423688,0.4805684
419,10.033870000000036,126.00444769676423,2.0445252745470768,0.33463287
420,9.979200000000048,95.51617077729274,2.829570234560379,0.21480179
421,10.161770000000047,91.56429804307756,2.904965324170513,0.29933023
422,8.875760000000014,98.9232303642911,2.204822843419802,0.32841778
423,9.396779999999978,84.45072176511091,1.6152627964200095,0.4296031
424,8.729550000000017,94.99497403934598,2.5138136105966375,0.058672905
425,11.136529999999993,103.88574358751438,2.0961023218102874,0.8112235
426,10.336270000000013,106.86179722408541,2.3096154316071575,0.73067284
427,10.236080000000015,103.69006545941427,2.799457097822604,0.47087288
428,10.260580000000004,102.14772951464789,3.040488372026817,0.65012264
429,7.402860000000032,70.77165109092874,1.9002185722843776,0.02709961
430,8.189900000000023,98.05856867400963,2.2983359088807402,0.31499243
431,10.959070000000054,91.82742811838399,2.5611251647843174,0.18720579
432,10.820120000000031,93.37405261265555,3.0271257698215748,0.29038
433,10.779200000000003,115.33213831232082,1.5367635419270231,0.36943865
434,10.903860000000009,65.71731336864498,2.429066588512867,0.40449333
435,9.313320000000033,94.31633242195147,2.6469006514182567,0.3764
436,10.858360000000005,83.62475190998842,1.9705029270169439,0.33910799999999997
437,9.686800000000005,85.08655748104522,1.996232498143743,0.36471509999999996
438,6.990320000000054,90.36879280496865,2.0525001178514115,0.48603820000000003
439,8.85850000000005,114.07673720560716,2.151414280802352,0.38211823
440,11.465840000000014,106.78919270091403,2.98400907521921,0.2786951
441,9.529800000000023,100.47733779021692,1.8545928936743032,0.32046223
442,9.938300000000027,87.07510056633204,2.449019796022208,0.5402355
443,9.27212000000003,83.85652795302947,2.4562531830406615,0.41866398
444,9.432860000000005,76.54860721517456,2.4792592949354306,0.5593786000000001
445,10.084770000000049,89.23665703018047,1.4469181108405338,0.6886573
446,9.03436000000005,91.2885176545387,1.9330296938218021,0.38385820000000004
447,10.624900000000025,82.79203292120899,2.80178506795396,0.44054222
448,9.529530000000022,86.05392838347255,2.2353105286598756,0.58647776
449,9.325429999999983,118.93327012561274,1.8219764700809613,0.29584932
450,10.271900000000016,253.89768651168436,2.7824500009584807,0.16159868
451,10.294240000000002,8.87872199105608,0.0317880258832476,0.4698782
452,10.13375000000002,54.478093806125734,1.5551344248839751,0.38460398
453,10.120020000000068,253.36072486268853,1.9880428827632954,0.77318573
454,10.799400000000048,178.7065076185926,2.5223774530113467,0.51413155
455,10.16903000000002,285.2468011896644,0.7408303409335499,0.27272844
456,9.696740000000034,45.44614781327851,0.5777880540017581,0.28689957
457,10.596370000000036,230.44662810946116,2.474396993583764,0.35700798
458,8.83184,175.65951110202514,1.816398312482386,0.061408042999999995
459,8.52194000000003,163.6023818738979,1.9030967052296635,0.22201157
460,10.270840000000021,253.1996945018374,0.9642020749887246,0.33438444
461,10.016900000000021,169.3402883213248,1.825967219717814,0.47236443
462,9.668479999999988,182.4562204184643,2.0149375048649527,0.48131466
463,7.976370000000031,189.0541557539358,1.6881900840349022,0.32021332
464,9.115380000000016,186.80133181231432,1.9377653282120901,0.34333467
465,10.201350000000048,245.3682455938876,2.8308139862942387,0.21405602
466,10.86510000000004,230.56487236937522,1.5782047361922342,0.29286623
467,10.048150000000021,165.55881178166953,1.8262236144725785,0.46117687
468,10.484900000000039,246.0632690529855,3.0127769732932905,0.5986595
469,11.431629999999984,235.6379883175593,2.345300028385426,0.33239555
470,8.877620000000036,179.76985886484226,1.062028367394685,0.21480179
471,10.432639999999992,113.55607022530886,1.127172765395901,0.29933023
472,9.600600000000043,231.7092726978383,0.7695014097526398,0.32841778
473,10.28134,57.45893905665544,0.4272493025690312,0.4296031
474,8.378700000000038,181.5939538984813,1.4870264961464874,0.058672905
475,10.17470000000003,116.27105997497381,1.1040547978408608,0.8567195
476,10.50454000000002,212.79575299943966,1.951263168597381,0.73067284
477,9.611379999999997,244.8172078321361,2.0420467647561913,0.47087288
478,9.470030000000008,158.42131953941885,1.0407029953327982,0.65235996
479,8.251300000000015,264.8683326566631,1.851539274055971,0.02709961
480,8.42715000000004,177.00480090218545,1.9752101018110537,0.31499243
481,10.413000000000011,159.37186687184143,0.8473836536469732,0.18720579
482,10.25305000000003,96.21963347904901,1.0755990863743687,0.29038
483,10.67446000000001,234.8494739308287,2.5908313624961483,2.4866242
484,10.192200000000014,99.783992211438,1.3347590164770728,0.40250444
485,9.849970000000042,155.78516078724095,1.5089247788131956,0.3764
486,10.770320000000027,217.8194489127122,1.357833769392543,0.3659582
487,10.367760000000033,139.14594710474893,1.3570782311833536,0.36471509999999996
488,6.694150000000036,296.3730154813393,0.6137248562666447,0.48454666
489,9.189720000000023,203.90331016283406,2.4198873100152927,0.38211823
490,9.829499999999996,221.4072586789263,1.1525507392758245,0.2786951
491,9.360160000000008,219.0425380767541,0.897573295623271,0.32046223
492,9.92670000000004,146.99207121462123,1.4790850382252434,0.60437775
493,8.398070000000018,50.49811821240569,0.5844346452349026,0.41866398
494,9.931820000000016,35.75306629492796,0.5295651637626624,0.5593786000000001
495,10.455000000000041,235.33577535661243,1.711075177398553,1.7743487
496,9.83892000000003,144.78385583749775,1.4822022272593203,0.38385820000000004
497,10.168499999999995,75.04239590284752,0.9082388596190953,0.44054222
498,9.386560000000031,203.5540257948584,1.7517549877134815,0.58647776
499,9.903279999999995,230.75395176850122,2.6739746720999507,0.29584932
500,14.619500000000016,267.0184600394563,4.341991058060703,1.242815
501,17.28282999999999,308.1119931154011,3.10768242099846,0.5064244000000001
502,17.685940000000016,313.6337559752934,2.033199168802137,0.42040443
503,16.986379999999997,295.01504507940217,3.304066246102617,0.83509016
504,16.912870000000055,287.7063690865398,2.539004224175789,0.6175541999999999
505,16.936030000000017,301.4849714467566,4.234223385211126,0.5350146
506,15.177970000000016,303.66787899029384,3.2953600665206544,0.7358937
507,16.30460000000005,279.9833078845282,4.043350193379877,0.60860395
508,16.36650000000003,287.4802032369545,2.7239926181830834,0.13176537
509,16.10128000000003,291.0304919034124,1.488581761433728,0.34731245
510,15.715170000000057,314.0124047098717,3.239353693748091,0.45943642
511,16.41930000000002,285.650335187912,2.786023903085506,0.5529151
512,17.011960000000045,317.38537679420244,3.3314162486236993,0.65136576
513,16.647100000000023,306.6208961183594,2.761270955767695,0.32021332
514,14.941000000000031,274.68984078564887,2.688052268308591,0.7664733
515,13.160600000000045,269.33558431435694,5.047148048294216,1.176187
516,16.420650000000023,277.4452988476046,3.843865131384212,0.42065287
517,13.695120000000031,283.89714631816537,2.9800191951563617,1.3082003999999998
518,15.56167000000005,289.1199780519145,3.9479132860206607,2.3145843
519,16.442700000000002,302.8534394239402,4.064089679893671,0.46291733
520,16.722770000000025,327.70697817152404,2.8230687805109955,0.28466177
521,17.093800000000044,4.557577020313233,1.5890084667574054,0.4243822
522,17.139580000000024,303.81169869448973,3.3170759851099283,0.43208933
523,17.24380000000002,301.5299200094151,2.9529864664178667,0.5785222
524,16.400450000000035,288.23839667975153,2.8135117176786753,0.06861782
525,17.02084000000002,331.8646586810343,2.1289093927761535,1.0198097
526,16.469660000000033,287.15028266794764,3.6310969890188733,0.8246484000000001
527,15.8716,311.76825764698697,2.894111465504169,0.99768305
528,16.532920000000047,323.90124469182064,2.3394928492877276,0.65235996
529,15.221060000000023,297.9171609854415,4.00142509195462,0.040772438
530,16.592700000000036,308.0599923728228,2.872445477936633,0.38783598
531,16.581660000000056,293.90838177798423,2.6960069455854616,0.30305909999999997
532,16.49010000000004,303.0104653878419,1.9354547908069177,0.40001822
533,14.550560000000019,286.0232845794962,3.8780684105781793,4.468564
534,16.866300000000024,320.8563743510213,1.848734523818117,0.48877287
535,16.895100000000014,295.90003324656493,3.0242857437064377,0.44974090000000005
536,16.264200000000017,284.458738977735,2.6013404396187823,0.6953701999999999
537,17.21120000000002,301.07086365433474,1.1496244838890621,0.39181376
538,16.109640000000013,325.40006571198927,3.314688848159123,0.48454666
539,16.46102000000002,287.76109024390956,3.5968899880170535,0.73614264
540,17.947929999999985,306.78301076938317,3.0099808209613896,0.47360754
541,16.661370000000034,292.34722970807655,3.314467754127465,0.5626106
542,17.159500000000037,263.06489353424513,1.7341671560912566,0.9472146
543,15.663479999999993,340.52837383956074,3.058708167990907,0.504684
544,15.966120000000046,336.71331330539533,4.020404306590332,0.6294875
545,16.332330000000013,306.1824279777467,2.5862551249749512,1.9389305000000001
546,15.560879999999997,309.19676485020267,2.7344880166666683,0.49200487
547,16.195280000000025,347.14063843672767,1.7195552588473575,0.48230886
548,16.529700000000048,296.066222446182,2.982224017002306,0.6463933000000001
549,13.486700000000042,288.9629882904618,4.44578805231223,2.3764887000000003
550,12.903740000000028,313.5849938033385,3.6713619018100423,3.1578784
551,13.855070000000069,324.06388267605877,4.191419028761024,1.3658781
552,14.776760000000024,318.0971561451586,2.961122352648612,1.5274768
553,13.549980000000005,325.33547772776865,4.031301982861701,2.2807727000000004
554,12.594600000000014,315.5196798517812,3.733788827738304,1.676147
555,12.79630000000003,325.36499132853226,3.7892300960438963,1.005887
556,12.384060000000034,318.3248729949025,3.842366240232429,2.7722802000000004
557,12.683470000000057,312.7652558059156,4.298240263995344,2.007299
558,12.915579999999977,298.5818679411834,3.030243364345121,3.2906375
559,12.65142000000003,296.85550815066273,2.166830528888517,1.4605999
560,13.23653999999999,317.53322142379966,3.1812072954099797,0.7122755000000001
561,13.296600000000012,296.43290664677994,2.6170765034859813,2.1589527000000004
562,13.613240000000019,334.20486867343305,3.621209387558485,1.5747128000000001
563,13.66064,309.3147542340972,3.8147530383894956,0.37068176
564,13.178920000000062,312.08917822396086,3.8113713018986166,4.400693
565,12.814870000000042,310.07635232671396,3.926543805066364,1.6455674
566,11.61178000000001,308.5618609246215,3.905708544054011,9.556173
567,11.698200000000043,301.62155111897664,3.9125237506962955,5.4819097999999995
568,12.22032999999999,309.40998024005563,4.20828658080857,3.3430948
569,12.824820000000045,337.5133450407006,5.062320512711873,0.8810834999999999
570,14.637800000000027,329.92854153460786,3.942610486087178,0.43432665
571,14.397640000000024,346.3381905308651,3.326467308821874,0.5457053000000001
572,13.073900000000037,333.93685467032174,3.9717058844497184,1.5394101
573,14.017970000000048,328.52387582766954,3.863592871403844,0.9086795
574,13.17864000000003,309.3962690316604,2.896432438867335,1.4683065
575,13.237630000000024,339.1911435450892,3.9467108936043234,3.6362089999999996
576,12.85390000000001,310.84690521251457,3.8734285601888474,3.1002002
577,12.689099999999996,332.0913835492436,5.714468419375342,4.471299
578,14.429960000000051,328.46346147892547,3.261284258762272,0.90942526
579,13.258080000000007,315.21003936299263,4.3231292242291275,0.14817333
580,12.827260000000024,332.50574440279416,4.714491199389309,2.1457763
581,13.618650000000002,315.680282942237,3.4090069156409757,2.0092878
582,12.982079999999996,326.2034663675834,3.4275483528936364,0.9894786
583,12.580620000000067,318.99594323943467,4.221090824112726,6.303077
584,14.188130000000001,354.14332922456606,2.3383871536431835,1.9033790000000002
585,13.512800000000027,323.9933275097258,3.5189897366780998,1.7954811999999998
586,12.856070000000045,311.27996507571436,3.5442989599285,3.0492348999999996
587,14.299900000000036,316.37151502339816,2.606350533915223,0.78536797
588,13.743600000000015,333.69656704456247,3.755154323429172,0.58523464
589,12.957330000000013,321.5610584684816,3.867191024651092,3.7334165999999995
590,13.707480000000032,334.579388853913,4.2300224265513595,2.3175678
591,14.016900000000021,331.8893573946648,3.7874610221822986,2.479166
592,13.39703000000003,329.9733515758794,3.6161586804108152,3.8950148
593,14.027120000000025,325.580815698292,3.4021609649731874,0.5432191
594,13.4649,307.1166761520476,3.525141257553172,0.6749835
595,13.58068000000003,319.9546393311858,3.641870667461936,3.8209286
596,12.678339999999992,331.20978715519004,3.80185688545236,2.7690482000000003
597,14.356960000000015,341.4335308670453,3.5224839953186455,0.5173631
598,12.891350000000045,315.47509758863055,3.161859526958788,4.24531
599,12.224080000000015,313.98895305237784,3.891191044642987,4.93347
600,9.597650000000044,248.5383646619495,2.448401382466983,3.1663313
601,9.980830000000026,339.7384692021253,3.781903934755119,1.3927283000000001
602,8.473720000000014,273.940193995933,1.86325153145205,1.5274768
603,6.84008,239.9666301099083,1.880646256868692,2.2867398
604,9.12480000000005,314.9329767534467,3.2935722798514626,1.7062292000000001
605,8.258050000000026,345.4315116466062,4.267936660311117,1.005887
606,9.237360000000024,324.65208801769927,4.09024861229339,2.828218
607,9.767570000000035,296.3154371341727,2.437948125153866,4.491188
608,9.08767000000006,252.33143280150267,2.6910401921637876,3.3875966
609,7.812950000000001,316.052179745449,3.0450157709119092,1.4919248
610,7.911500000000046,312.49984451107366,2.6510835772250427,0.7162533
611,8.375970000000052,307.22161199757664,2.4899687334583884,2.1619363
612,7.631979999999999,327.1230960317946,2.7321082737738855,1.5836629999999998
613,9.968439999999987,323.8522629301152,4.301294213356348,0.44899464
614,8.188300000000027,295.84913398057495,2.2974965380252828,4.417102
615,9.27615000000003,323.74710680649423,2.5296253740713963,1.6589928
616,8.394560000000013,296.1520082898504,2.4682340909171985,9.587002
617,9.213400000000036,251.35385201419604,2.9906890751956476,6.0703754
618,8.71795000000003,251.50833896698163,1.7231922130130217,4.150589
619,9.100300000000004,309.7153245999941,2.127410018961197,0.8875475
620,8.096500000000049,330.9195839946527,1.8675094178608176,0.43432665
621,7.411740000000009,319.9602569282264,2.4594181785714198,0.53948975
622,8.967550000000017,311.89675270392894,2.3538126201064857,1.5796852
623,8.262630000000001,329.5014392006507,2.7424284677191815,0.9086795
624,7.960230000000024,257.23903808579064,1.6764315271288839,1.4931678999999998
625,9.979200000000048,331.8455956340331,3.9567984558586313,3.8922800000000004
626,8.53054000000003,314.9600340753951,3.1982850544685664,4.669941000000001
627,9.440670000000068,322.7568185546703,4.255831580414128,4.75248
628,7.685570000000041,311.0731674440604,1.7077736255715452,0.90942526
629,7.557950000000005,311.72050815244893,2.8213899094275963,0.20908356
630,7.740780000000029,321.3601332148629,3.0920265272081484,2.146522
631,8.121500000000026,307.463634348273,2.4863075945396016,2.0107793999999997
632,9.729330000000004,334.30401014214027,3.8458028549660117,1.0782332000000001
633,8.207420000000013,309.4448243044618,3.5985807951184583,6.314265
634,8.192620000000034,333.8794525549453,3.566479003751774,1.9038762999999999
635,8.33883000000003,299.80358191548953,2.5862914327685576,1.8044310000000001
636,8.66088000000002,301.69780479348105,3.054661222143682,3.0952282
637,9.449029999999993,321.75883110738846,3.4790473080676687,0.7910857
638,8.072500000000048,338.4569865286758,2.9706875015849414,0.5951791000000001
639,9.238460000000032,280.1423415114721,2.7414243741577113,4.1804223
640,8.138760000000048,326.2718236886469,2.4288013033216713,2.3175678
641,9.060450000000003,339.5015740271276,2.7232369342244183,2.4821491
642,9.586360000000013,337.62508203351763,3.928420307011256,4.090922
643,8.211180000000013,315.79203767322656,2.7090808326519054,0.5432191
644,8.900500000000022,268.9308509285386,2.5462904988589132,0.7015853
645,8.864700000000028,329.00396487061874,3.9764133365540357,3.8288841000000002
646,9.221500000000049,328.7386099380359,4.322425465628516,2.8090749
647,9.800960000000032,340.65829377274326,4.206230668888128,0.5462022
648,8.757800000000032,305.8797266869577,3.177029751908227,4.2552547
649,8.098630000000014,316.18651003220975,2.279355287292549,5.003826999999999
650,9.151200000000017,356.7889007950218,3.1850644683217273,3.5303001000000003
651,7.641140000000007,10.43546677322731,3.652925065053756,1.4170923
652,9.425320000000056,0.574596219290397,3.7779993802742307,2.4436139999999997
653,9.870420000000024,238.3550831225852,2.823106926480377,2.2879825
654,7.692320000000052,1.0068248749851223,4.470501604351104,1.8735452000000001
655,6.502400000000023,357.2925704847178,3.8481957165510696,1.0280136999999998
656,8.847739999999988,353.4715368728581,4.62346859821212,3.0929903999999997
657,7.45780000000002,354.66976586769607,4.040402439670065,5.5017986
658,9.208829999999978,330.7609752383351,3.583996922986201,4.487707599999999
659,9.3168,345.66812986196953,3.9016046958985737,1.6102648000000002
660,9.262960000000021,5.069139690602138,2.914830985072722,0.7346505999999999
661,8.040999999999997,358.2570059718435,3.6601488867255307,2.3588371
662,8.644980000000032,11.589787832811515,3.1283984872826482,1.6269216999999998
663,7.65300000000002,5.797431501865709,4.822561252765692,0.6008973000000001
664,8.762100000000032,355.8653278347867,4.184268753629343,4.5158005
665,7.553920000000062,20.793621514650038,4.080842550773075,1.7226377
666,8.808440000000019,315.3283511141339,3.2292632557110683,11.935894000000001
667,7.667540000000031,330.75739521857355,5.1288783434053276,8.193278999999999
668,8.136870000000044,352.5832906785658,4.583311000110704,5.2969418
669,8.265300000000025,7.523209168393286,2.99305489503125,0.90097284
670,8.39427999999998,14.838815026917507,3.0180244688801485,0.6811991
671,8.967550000000017,346.40751889724777,4.7784958289340596,0.5839915
672,7.6917700000000195,6.803858452426725,4.061854479329447,1.6055408000000002
673,9.490470000000016,16.845231031940894,3.555582277700014,0.94994926
674,9.274800000000027,12.372917739559153,3.9381579596574396,2.0112767
675,7.95297000000005,359.572312501741,5.412662794952844,4.1351748
676,6.947000000000003,3.4463094775055994,4.619968201468263,5.830216
677,7.485500000000002,354.25841517222267,4.001454607897617,4.853665400000001
678,8.448970000000031,0.05196139119603725,3.114950280965312,0.90942526
679,7.582730000000026,9.609373026201357,4.539077466331987,0.31996490000000005
680,7.12657999999999,21.82934583186368,3.877510889623441,2.1706376
681,9.04970000000003,16.356262010733676,4.176770429836652,2.1830682999999995
682,8.349879999999985,350.9756263405193,4.826263316329866,1.2455497
683,6.909020000000055,358.79131374933144,5.4598788392152615,6.3985443
684,8.520840000000021,1.0491676696367929,5.278147579088234,2.086855
685,9.002300000000048,327.62098795770976,4.280130547835084,1.8586287000000001
686,8.87008000000003,334.0048414959448,4.513587219638634,3.324449
687,7.098299999999995,2.803262053627915,5.652406226302115,0.8900336999999999
688,7.039330000000007,13.513981747950561,4.6867178105760585,0.6536031
689,8.019460000000038,330.6948744850398,5.841468348384962,5.2464733
690,8.616450000000043,11.814215102087312,3.051023480324347,2.3175678
691,8.870630000000006,13.313457358396446,3.3710526710796276,2.508502
692,7.51162000000005,7.2215798711582035,4.785802736936779,4.218459999999999
693,9.06880000000001,0.04449028187547418,4.05040052110498,0.6846795
694,8.203400000000045,349.24093497560733,4.634097378854885,0.8432946
695,8.114530000000002,354.86651665936415,4.359437941036232,3.9778027999999996
696,8.24484000000001,345.0835235850163,4.916296382136465,2.9913077
697,7.902600000000007,356.5154959571905,4.737215318676976,0.67697287
698,9.296350000000018,336.0566730970902,1.8803446864996216,4.4153614
699,7.820760000000007,359.4713185668124,4.725730877200804,5.1057587
700,11.792200000000037,0.24549949476713132,3.0133304612653165,3.7048263999999995
701,12.237570000000062,345.03739372215085,3.981256959960305,1.5212611999999999
702,12.34582000000006,349.7025079641932,4.199044177470928,2.7409548999999997
703,16.07922000000002,317.02039806260086,4.9268900518538565,2.5415678
704,9.56292000000002,6.675168492504885,3.883612239875045,2.0130171999999997
705,9.267270000000053,15.406105425538659,2.9769366640017845,1.1607728000000002
706,10.587199999999996,351.97065265325665,4.417889098554128,3.2593122
707,10.428339999999992,4.138830229655761,3.6327926637756462,5.5512724
708,11.341180000000008,353.1395943599464,4.499938594822086,4.7942467
709,11.552270000000021,351.5319397669578,4.321015854010873,1.7723598000000003
710,12.795500000000004,352.4764580556732,4.390204023258301,0.7353964
711,11.734030000000018,334.85059479670383,4.046208072321363,2.4761825
712,11.85116000000005,351.47462804486986,3.583720288135771,1.6311479
713,10.15100000000001,2.449260543956998,4.0560563783504255,0.6366973000000001
714,11.712199999999996,341.66267567626306,4.003114949392328,4.748254
715,10.701380000000029,11.171658828273548,3.168718183652175,1.7273612
716,10.86510000000004,355.37487215568734,4.640808280433618,12.604414
717,8.700460000000021,338.12653552143735,6.075795197602671,8.657439
718,10.26600000000002,339.2696707965159,4.019798670142574,5.4769373
719,11.421960000000013,353.7186942293559,4.2646529646848945,0.90395594
720,12.583579999999984,348.75316933234274,4.145770076777666,0.74981594
721,11.03448000000003,9.214294663584015,4.3509669734236605,0.76050663
722,9.905150000000049,16.851709431354752,3.509520634735395,1.6855941000000003
723,12.987760000000037,3.6702191577587007,4.01582996417101,1.0359693
724,12.053920000000062,357.98640468476486,4.55363308725397,2.2879825
725,9.901670000000024,9.64116763649009,4.818686838076765,4.2582379999999995
726,8.496879999999976,13.097097557798818,4.562560545525059,5.8759604
727,9.590100000000007,353.36559710766505,3.394233536282159,4.9113435999999995
728,13.457100000000025,23.92843418324316,3.6397085178097357,1.0424333000000001
729,11.499779999999987,19.734150191046627,3.2008736453379805,0.31996490000000005
730,11.202750000000037,347.0087366686279,4.20859572286428,2.2119074
731,11.672079999999994,12.485970947305189,3.518724956211034,2.2099185
732,11.378870000000063,2.7123831661163136,4.062061246412734,1.3793035
733,8.06310000000002,348.04367935598793,4.379087727635256,6.4119697
734,10.154229999999984,9.468864584731406,4.388781206082657,2.335219
735,10.845970000000023,344.75766286885624,5.248418267197113,1.9799514
736,12.41097000000002,337.9589258069195,4.90001528168987,3.5250793
737,9.512020000000064,8.947437793639704,4.372571519145908,0.8960004
738,10.214800000000025,7.764511173956334,3.7478930621839313,0.7264465999999999
739,10.91760000000005,349.72489304047156,4.678416503647008,5.7230635
740,10.411370000000034,3.2224231226301345,3.271545031014192,2.3245287
741,12.630980000000022,346.30241041252964,3.706710547650571,2.5410705
742,10.328970000000027,10.932087039503326,3.834994954894101,4.353208
743,13.209070000000054,356.1600527445561,3.9478558618855364,0.8942599
744,8.704770000000053,15.41959137662086,4.35090583428511,0.8527416999999999
745,10.081260000000043,352.8256245730014,4.388581719147983,4.0083823
746,9.874720000000025,355.7310797088184,4.252941411774379,3.3888397000000006
747,10.385280000000023,10.699051941667518,3.8778495461125706,0.8035164
748,12.460500000000025,357.29614980800955,3.890619098141752,4.7835565
749,9.119700000000023,9.34208877729012,4.547414145376536,5.151503599999999
750,11.735100000000045,350.75588008007173,2.5477821084069125,3.7677254999999996
751,10.394949999999994,23.012475042836808,3.240962588668103,1.5212611999999999
752,9.27642000000003,355.1639230384823,4.307789848286768,2.7409548999999997
753,12.458640000000003,29.400756769198573,3.0668170672962445,2.5950193
754,9.302000000000021,13.070321788382312,2.839369879630802,2.031663
755,9.49210000000005,54.85362558745519,2.3180065750573813,1.1637563999999998
756,8.43792000000002,11.843289488304888,4.5476563637109475,3.2622957
757,9.80068,12.66984769268369,2.8195473842547014,5.5512724
758,7.3013200000000325,9.314787333900446,4.538862957765141,4.7942467
759,9.548640000000034,7.190863109157682,3.6281515897941206,1.7723598000000003
760,9.422630000000026,7.0084900280076985,3.0673151262621845,0.7353964
761,10.046260000000018,349.2296710930678,3.6371952644724237,2.4838896
762,10.267879999999991,346.0952810076687,3.2641411308400317,1.6348771999999998
763,9.304680000000019,0.041332780115051634,3.694011661196583,0.6366973000000001
764,10.239300000000014,357.23247683248496,2.6140899011844048,4.748254
765,9.44580000000002,30.553279978495972,3.04043529794001,1.7273612
766,8.832120000000032,18.398145555942612,4.101067638299809,12.618585000000001
767,7.7057700000000295,348.08534409103584,4.208837318597369,8.717852
768,8.937400000000025,357.1308125930019,3.3947225539373576,5.4769373
769,8.881680000000017,8.073740234387436,3.495808999108203,0.90395594
770,11.907429999999977,0.09243108055316818,2.445817282619468,0.7557831
771,9.756799999999998,3.8726841072537224,4.190196929629931,0.76050663
772,9.336720000000014,27.56314642528722,2.9363671771669155,1.6855941000000003
773,12.44625000000002,20.69068555441,2.4920754746702776,1.0359693
774,9.145800000000008,19.117198934448286,4.227490997733975,2.4833922000000004
775,8.39214000000004,19.027552808528558,5.090827624864258,4.2582379999999995
776,7.746970000000033,358.886940955609,3.909613402579379,5.8933635
777,8.980220000000031,3.821592668531966,3.093103759809477,4.915321400000001
778,13.290400000000034,42.162231144560586,2.61696061492011,1.0516318999999998
779,10.990560000000016,32.82798747720454,2.826178448058102,0.31996490000000005
780,10.08367000000004,7.488546609420114,3.0191142254898233,2.2126532
781,9.661200000000008,21.712747475669087,3.480999953668486,2.2099185
782,9.212060000000008,34.48924486691063,4.048185454609688,1.3793035
783,6.982000000000028,1.972696585760369,3.9749519777145252,6.4119697
784,9.844570000000033,20.517426460703923,3.4742074591248473,2.4498296
785,7.931150000000002,2.8883178778615353,4.113489063035966,1.9799514
786,8.823500000000024,353.3153267894394,4.789602058874146,3.5576477
787,8.117200000000025,359.4081570388547,4.3299130005542565,0.8960004
788,9.580960000000005,25.152553679073723,3.452187543867986,0.7264465999999999
789,9.346150000000023,356.55389488338227,3.8577078778833584,5.7424555
790,9.920770000000061,355.1675453088506,3.59832335713253,2.3245287
791,11.219720000000052,1.931352853936688,2.9103821198555906,2.5410705
792,9.379020000000025,31.89976137930185,3.8134384863515307,4.353208
793,12.573880000000031,354.5687418428283,3.080815598870979,0.9022155000000001
794,8.200950000000034,18.88501337778281,3.0893923276899105,0.8527416999999999
795,9.053200000000004,0.7059034546720653,3.8939730308344154,4.0083823
796,9.114300000000014,13.01403458867912,4.183079062459844,3.3992815000000003
797,10.375020000000063,29.478572306230962,3.69061853801545,0.81694174
798,10.102800000000002,356.80472900372786,3.8011478857479033,5.016755
799,8.560170000000028,21.42194013244997,3.842480845970817,5.151503599999999
800,7.039330000000007,32.93814786004287,2.4871185331881813,3.7677254999999996
801,7.217579999999998,44.12027330446976,2.9594952623568265,1.5212611999999999
802,4.4007799999999975,27.444028115122805,1.468264500390679,2.7409548999999997
803,7.832060000000013,48.33506021717739,4.0579672748864555,2.5950193
804,6.243370000000027,24.455070835528637,2.461850300399961,2.031663
805,6.201650000000029,87.4020464717003,2.3170871266781794,1.1637563999999998
806,6.454499999999996,31.07062058981846,3.1476877969707537,3.2622957
807,6.806970000000035,28.87974911861731,2.6952583320492915,5.5512724
808,3.469100000000026,26.4388331275925,2.2037704159677114,4.7942467
809,6.895800000000008,29.535172653096456,2.732903322046495,1.7723598000000003
810,3.5067999999999984,50.04666092782487,1.5809684552376688,0.7353964
811,5.8354400000000055,13.212123605151719,2.6392093872419657,2.4838896
812,4.496900000000039,42.642899112345646,3.083669903217593,1.6348771999999998
813,5.59953999999999,17.242021616766262,2.2819052175378207,0.6366973000000001
814,4.083300000000008,64.82278283494911,2.1039229991343054,4.744276
815,4.889200000000017,53.54856740313473,2.084707561477475,1.7273612
816,4.804680000000019,38.39121685314841,2.8522361888080745,12.618585000000001
817,5.3653000000000475,339.14128975644775,1.7411833735633533,8.717852
818,6.058920000000057,9.139512033080775,2.5175133816174835,5.4769373
819,3.463700000000017,42.536826197541565,1.9969821065053637,0.90395594
820,5.796140000000037,58.166301761877826,1.9988057206626664,0.7557831
821,5.216120000000046,31.726786172239542,2.7658474291636836,0.76050663
822,5.286400000000015,61.41302376324347,2.7368916338989835,1.6855941000000003
823,5.537620000000061,56.344332202095444,3.345726784216824,1.0359693
824,6.600150000000042,39.513006193437164,3.350659537162992,2.4863758
825,5.378750000000025,24.737298572426717,3.5951637473071028,4.2582379999999995
826,3.5531200000000354,2.175861176384036,1.6346610896866025,5.8933635
827,5.967920000000049,16.07608377312705,2.3153566229730855,4.915321400000001
828,6.127040000000022,60.0202439537747,3.3722085160941235,1.0516318999999998
829,5.157160000000033,61.16582222397674,3.5604935080040714,0.31996490000000005
830,5.376900000000035,32.98540340981099,2.641875835961569,2.2126532
831,3.3557400000000257,69.17435959538214,2.268895821574391,2.2099185
832,5.64855,36.91674160645093,2.6501830657431533,1.3793035
833,4.8073700000000485,357.4107157848722,1.8334875240868886,6.4119697
834,6.756620000000055,30.69951139824321,3.6915546225999814,2.4498296
835,5.616240000000005,10.326251397368413,1.9798297786472479,1.9799514
836,4.737900000000025,23.52177157780275,2.9499988622277193,3.5576477
837,6.201380000000029,7.069328815572693,2.045858999499153,0.8960004
838,6.68957000000006,28.720766250562317,2.769533405860402,0.7264465999999999
839,7.342000000000041,22.23015591672644,3.0243484039027644,5.7424555
840,3.374870000000044,40.45561413712437,2.4370105519244065,2.3245287
841,4.911580000000015,64.14313483822674,2.7271828835432546,2.5410705
842,6.4938000000000216,49.047509720353105,3.2808197146911704,4.353208
843,5.236840000000029,30.580931099482054,2.857317038002792,0.9022155000000001
844,4.29200000000003,18.363954498680787,2.0462524271440903,0.8527416999999999
845,5.028160000000014,27.722735184909382,2.64374122104473,4.0083823
846,6.537960000000055,30.256426069414612,3.6431529425950484,3.3992815000000003
847,6.574029999999993,44.91066816933892,3.7557342095073682,0.81694174
848,3.9198499999999967,48.1727494334649,2.531582443283633,5.016755
849,5.6009200000000305,34.31990811564215,2.717433185245698,5.151503599999999
850,7.15026000000006,71.92869944653437,2.9797865025843127,3.7677254999999996
851,6.3260400000000345,62.05096795761379,3.380817842189332,1.5212611999999999
852,4.807920000000024,50.95485505523941,2.129611402403267,2.7409548999999997
853,5.110040000000026,56.233828199684446,3.473292373488546,2.5950193
854,5.721520000000055,54.13007787553946,2.7092376898221837,2.031663
855,5.740380000000016,76.08594071415216,3.41424805653299,1.1637563999999998
856,6.074000000000012,42.73068300824019,3.089169581335646,3.2622957
857,6.970940000000041,62.979315863892595,2.898825313367684,5.5512724
858,4.01275000000004,65.12199659036888,2.4785815127446504,4.7942467
859,6.220200000000034,57.252079436020324,2.747755119089125,1.7723598000000003
860,4.367400000000032,87.36288937845973,2.3827108419453507,0.7353964
861,6.7700700000000325,44.58003521108188,2.365971074720934,2.4838896
862,4.595730000000003,62.27677487889794,3.329115828579632,1.6348771999999998
863,5.6720000000000255,47.37346973310249,2.2644295536443986,0.6366973000000001
864,4.686460000000011,95.02768129411659,3.2039141420005697,4.744276
865,4.9576000000000136,59.44187573216573,3.152848873493539,1.7273612
866,5.1245700000000625,54.67541024089028,3.288559728288808,12.618585000000001
867,5.883360000000039,355.7795560308507,1.2930095782765438,8.717852
868,5.793420000000026,48.267891227304034,2.6288767353760143,5.4769373
869,4.520600000000002,59.822322482510124,2.664263767951732,0.90395594
870,5.743070000000046,64.38576577516142,2.7228645999280334,0.7557831
871,6.022850000000005,48.44371335625399,2.7928760970476905,0.76050663
872,5.434230000000014,57.27544067706091,3.2947424738581024,1.6855941000000003
873,4.940899999999999,54.90562154594599,3.4516385260779376,1.0359693
874,5.469229999999982,54.55572370398379,3.729721561893204,2.4863758
875,5.5686000000000035,36.898078115449024,3.3326558830989392,4.2582379999999995
876,5.233600000000024,43.70555632195017,1.2597399631045647,5.8933635
877,5.037599999999998,68.28933808629901,2.425609865550312,4.915321400000001
878,5.562400000000025,71.71675703909536,3.4024152119002777,1.0516318999999998
879,4.849629999999991,68.97635352282775,3.174263670324156,0.31996490000000005
880,5.921600000000012,61.663529529708036,2.600719345120486,2.2126532
881,4.136900000000026,71.1999663029997,3.295689180867269,2.2099185
882,5.211270000000013,50.669970131156056,3.0659561162791356,1.3793035
883,4.472920000000045,31.16826341570629,1.366576684693341,6.4119697
884,6.021500000000003,42.07772392173251,3.412979828537057,2.4498296
885,5.774320000000046,57.713737176178554,2.5088795573080205,1.9799514
886,4.832420000000013,46.01715146829729,3.0348808815592414,3.5576477
887,6.1634200000000305,57.505606922088226,1.8197367707329009,0.8960004
888,6.076170000000047,52.80301318455288,2.6809607664089623,0.7264465999999999
889,6.350000000000023,46.36596397787911,2.9123562598540533,5.7424555
890,3.865750000000048,47.64330476557641,2.1461357217809245,2.3245287
891,5.095200000000034,72.99052656363494,2.7894310523394528,2.5410705
892,6.011250000000018,41.76217927430045,3.177252927726266,4.353208
893,5.457670000000064,55.35597026060192,3.405929651019284,0.9022155000000001
894,4.1288000000000125,66.8583449674071,3.090257416111514,0.8527416999999999
895,4.793900000000008,58.05991001743178,2.3910892794191394,4.0083823
896,6.288350000000037,49.645461446021955,4.233737259795957,3.405994
897,5.458460000000059,55.67470694868669,3.5028610966681653,0.81694174
898,4.387050000000045,61.415430574639934,3.5696939479586836,5.016755
899,5.183250000000044,50.70023158392472,2.7311190108955143,5.151503599999999
900,14.295600000000036,80.02005174932127,3.541850842864911,3.7677254999999996
901,12.883540000000039,69.98499495559845,3.4734172179317087,1.5212611999999999
902,10.549250000000029,54.719375123067046,3.958890785666517,2.7409548999999997
903,11.726770000000045,67.86805897311743,4.253294123925128,2.5950193
904,10.673900000000003,58.86835623285179,3.718843146355275,2.031663
905,13.439050000000009,79.66916033201842,4.690131339815891,1.1637563999999998
906,10.695460000000026,57.68365680157863,4.673942567932803,3.2622957
907,11.278160000000014,73.99230935636157,3.943938334339188,5.5512724
908,10.166620000000023,68.82793637161548,4.428555117770162,4.7942467
909,10.836570000000052,71.77579879476323,3.695728811518161,1.7723598000000003
910,12.921500000000037,93.15704608410755,2.781783823535756,0.7353964
911,10.673640000000034,68.8918764937498,2.96429074445118,2.5050216
912,11.522400000000005,62.19173568811256,4.793524764623955,1.6348771999999998
913,9.952800000000025,49.230395690768994,3.54511442207399,0.6541004
914,12.783380000000022,96.04788795693493,4.156444308993589,4.744276
915,13.10650000000004,68.77361909288906,4.284879425329382,1.7273612
916,11.207879999999989,63.751022642896615,4.691190034793442,12.618585000000001
917,9.417230000000018,29.54457897363768,2.336644734858778,8.918731
918,10.15100000000001,43.93151772889126,3.811651744565111,5.4781804
919,11.159420000000068,54.49472967101624,3.5073635080809478,0.90395594
920,13.182700000000011,72.25500293439269,4.517300230942195,0.7557831
921,11.307520000000068,71.3241987118189,3.7840454293205146,0.76050663
922,12.284700000000043,54.375745574496406,4.377638350376623,1.6855941000000003
923,13.795560000000023,63.67679675122091,4.369810375108198,1.0359693
924,9.954979999999978,77.60265070262051,4.952276740670431,2.4863758
925,10.460100000000011,56.57774540841844,4.925963206341141,4.2542599999999995
926,9.889800000000037,40.4127727423301,3.073841135648575,6.016178
927,10.272179999999992,54.04093769646884,3.898271069340163,4.9183044
928,14.896329999999978,68.681693288466,4.108476204589926,1.0516318999999998
929,14.852960000000053,64.39036360602853,3.77719680934592,0.31996490000000005
930,9.72610000000003,53.82123031729965,3.6515199701611,2.216382
931,12.29140000000001,93.63267151992736,4.479967623826838,2.2099185
932,10.89390000000003,63.61820289369188,4.607750168179818,1.3793035
933,9.523070000000018,68.19024835662765,3.9658459102448105,6.4149528
934,10.886380000000031,49.26813306875733,4.236737803176459,2.4538074
935,8.98720000000003,53.048809895244176,3.3997251219132187,1.9958630000000002
936,11.70037000000002,58.66478474814242,3.7579803099647617,3.5628686000000003
937,10.018520000000024,44.385664818810135,4.079132638253618,0.90420485
938,10.990839999999992,53.63584479511594,3.6592061101218447,0.7294297
939,10.446129999999982,63.24340796287088,4.467035848462916,5.7944154999999995
940,11.842829999999992,54.59181555315669,3.277234471675002,2.3245287
941,12.144920000000013,86.22985491667919,4.086758994296543,2.5410705
942,10.702449999999999,40.83963077518914,4.52797038592786,4.353208
943,12.570920000000058,64.20730752492996,4.090278685122217,0.9022155000000001
944,12.060400000000016,63.19507916240089,3.804704347664822,0.8527416999999999
945,10.442070000000058,55.6553671084121,4.216864998296517,4.037967
946,10.019860000000051,53.46224862343151,4.5770498673637725,3.405994
947,12.228420000000028,62.68525499165177,4.506236059697046,0.81694174
948,12.023220000000038,71.33077203226384,4.592030951811328,5.016755
949,10.415160000000014,63.296282590199546,4.774647986944203,5.151503599999999
950,13.16088000000002,51.321556370385,3.4127409285747663,3.7677254999999996
951,11.490079999999978,69.71585757173847,3.947263889971838,1.5212611999999999
952,9.924829999999986,59.96882808181501,3.697951468843134,2.7409548999999997
953,11.27170000000001,75.49072841062038,4.3333118320935835,2.5950193
954,10.373679999999979,57.597555241686706,3.69518227744855,2.031663
955,12.390770000000032,66.78844214516407,4.1463241708733305,1.1637563999999998
956,9.92858000000001,67.3211770381569,4.502753960826224,3.2622957
957,10.996760000000052,73.65345673322777,4.144253125226317,5.5512724
958,10.006129999999985,55.5662576897199,4.309872875534513,4.7942467
959,9.77914000000004,72.82042849452345,4.046645196568243,1.7723598000000003
960,12.440580000000011,65.26058714729909,1.832560337583486,0.7353964
961,10.666650000000004,63.87141461361679,3.1443594628988034,2.5050216
962,10.651300000000049,69.41522647234909,4.3957113597472715,1.6348771999999998
963,9.600099999999998,59.69583422546977,3.9023643968743067,0.6541004
964,12.658170000000041,87.9779412973197,3.352015643988432,4.744276
965,12.102660000000014,68.45438570951823,3.8036682377008972,1.7273612
966,10.832500000000039,61.21636278294684,4.117562868632596,12.618585000000001
967,9.062620000000038,46.562093660529946,2.8080882834203145,8.953785
968,9.113520000000051,53.38733262149222,3.875807979834677,5.4781804
969,10.587199999999996,57.58495326375332,3.286048124286911,0.90395594
970,12.188840000000027,66.26029710784255,4.427409026958057,0.7557831
971,10.799680000000023,68.50286504591237,3.97963430449478,0.76050663
972,11.627400000000023,67.85843151068603,3.881959413271726,1.6855941000000003
973,12.771000000000015,65.23659442427214,3.959632980364788,1.0359693
974,9.387900000000002,61.12419068670885,4.2793625951820164,2.4863758
975,9.90542000000005,43.66432173121149,4.446127395991195,4.2542599999999995
976,9.754079999999988,46.415808551701105,2.8268380942225484,6.079823
977,9.794200000000046,62.13052897234147,3.4511375702839318,4.9183044
978,13.52520000000004,72.91210264413253,4.012657969118197,1.0516318999999998
979,13.845360000000028,60.826782948432815,3.3556427783977623,0.31996490000000005
980,8.566100000000006,65.13875641452923,3.775894614635303,2.216382
981,12.030480000000011,76.43105351781288,3.436398210502718,2.2099185
982,9.745479999999986,66.41798083233019,4.543134474924169,1.3793035
983,9.419950000000028,71.59153848207878,3.7889270228333114,6.4149528
984,10.066700000000026,45.28661847262868,4.152331466175079,2.4538074
985,9.567770000000053,57.328315465323385,3.538144006601953,2.042602
986,11.368650000000002,59.193151199205715,3.3615513134617254,3.5628686000000003
987,9.561579999999992,54.790268211116455,4.648515323983489,0.90420485
988,11.517270000000053,53.13442332531233,3.6284475303183044,0.7294297
989,10.221830000000011,62.83854187559377,4.500394569228375,5.7944154999999995
990,10.622500000000002,70.607500947309,3.3112429076167427,2.3245287
991,11.425160000000005,69.46857515922632,3.0446024342963205,2.5410705
992,9.866900000000044,41.034156460023986,4.389565808636168,4.353208
993,11.686900000000037,62.87363129892771,4.27519845106289,0.90296173
994,12.253440000000012,63.5145216484542,4.187066638137287,0.8527416999999999
995,10.571860000000015,50.02702225071,3.792175673146169,4.037967
996,9.957940000000008,60.20586310923191,3.914052297225576,3.405994
997,10.875050000000044,62.03522498740219,4.568435566833694,0.81370974
998,11.149440000000027,66.77552372173345,4.4050939225103924,5.016755
999,9.42935,65.60739359568414,4.273325521447728,5.1485199999999995
1000,9.189720000000023,72.22955780258117,4.241042599434767,3.7677254999999996
1001,7.635220000000061,74.70056581450395,4.064250644303811,1.5212611999999999
1002,6.8535400000000095,59.67756770074663,3.6389738748629235,2.7409548999999997
1003,7.47338000000002,86.76682199801834,4.364079825931347,2.5950193
1004,6.9065800000000195,67.39998347833355,3.6570063271256448,2.031663
1005,7.657600000000002,77.95075481158052,3.613005787778539,1.1637563999999998
1006,5.354520000000036,61.36892299860415,3.8370408551981665,3.2622957
1007,6.7086700000000405,82.30870236682638,4.147730395698096,5.5512724
1008,5.563750000000027,70.8337150494491,4.922326937965748,4.7942467
1009,6.128660000000025,77.25795561780483,4.175624900979517,1.7723598000000003
1010,6.744470000000035,104.90676403861949,2.488263835700953,0.7353964
1011,6.938350000000014,67.13372849811732,3.5348582658440226,2.5050216
1012,6.051660000000027,75.9901316851834,4.243197565681855,1.6348771999999998
1013,5.624050000000011,58.0002024160588,3.6390303820388916,0.6541004
1014,7.772820000000024,95.47567949218637,3.6774684511755593,4.744276
1015,6.720000000000027,75.637176719014,4.438381630699415,1.7273612
1016,5.678980000000024,62.18108542883577,4.20892527797884,12.618585000000001
1017,6.267600000000016,54.287138674875436,3.4681665975771194,8.953785
1018,6.039000000000044,49.11214219389036,3.78630398361821,5.4781804
1019,5.980830000000026,70.55884742276051,4.07031471238862,0.90395594
1020,7.235100000000045,76.3445833354083,4.986066566394497,0.7557831
1021,6.650230000000022,75.54918316498953,3.954879437629041,0.76050663
1022,7.2493500000000495,65.16984881447851,4.370684105261661,1.6855941000000003
1023,7.5127200000000585,80.49861547747419,4.115480149545846,1.0359693
1024,4.771020000000021,62.21564612044896,4.170669919400902,2.4863758
1025,5.994560000000035,52.74701926221717,3.710582937555904,4.2542599999999995
1026,5.62972000000002,51.35851814648951,3.752884660390869,6.079823
1027,6.231530000000021,66.28786832360574,3.6677330179094185,4.9183044
1028,9.505029999999977,96.76757129315175,3.531595873667005,1.0516318999999998
1029,8.10107000000005,86.43449512710973,3.4533149062210975,0.31996490000000005
1030,4.462980000000016,71.90730574538345,2.515281440567652,2.216382
1031,6.508080000000007,91.22115181827704,3.675291117205607,2.2099185
1032,5.584220000000016,72.6906891729791,5.0290094562740375,1.3793035
1033,5.432340000000011,67.76248795649461,3.577940437433826,6.4149528
1034,6.10390000000001,36.09363927445724,3.359817251698982,2.4538074
1035,5.486470000000054,50.57029409362469,3.7815083164055743,2.042602
1036,5.512050000000045,53.718383800628146,4.127029794844487,3.5628686000000003
1037,5.089560000000006,54.38632393613108,3.9664448456147943,0.90420485
1038,7.0341999999999985,69.66513604226982,3.5947767191194906,0.7294297
1039,6.457970000000046,65.16555147255438,4.1568424987515575,5.7944154999999995
1040,5.152300000000025,76.01229568174544,3.4866161660641914,2.3245287
1041,7.228079999999977,84.76379311169691,3.2302030752374,2.5410705
1042,6.7760000000000105,42.498359950946636,3.666374598562727,4.353208
1043,7.1317000000000235,77.05014653564452,4.498605963142956,0.90296173
1044,6.511300000000006,78.285499677416,4.551191686347861,0.8527416999999999
1045,5.892240000000015,54.3998850310677,3.722005552804353,4.037967
1046,6.317440000000033,55.29770820999529,3.0634361293457446,3.4092260000000003
1047,5.825460000000021,65.03207230226299,4.150567558024937,0.81370974
1048,5.843260000000043,73.83014073901566,4.240879340214981,5.016755
1049,5.382260000000031,58.23871820772341,3.712472704819128,5.1485199999999995
